0.278,0.286,0.339,0.328,0.282,0.291,0.348,0.273,0.293,0.342,0.288,0.290,0.346,0.290,0.292,0.292,0.355,0.354,0.339,0.330,0.335,0.346,0.288,0.341,0.284,0.290,0.337,0.283,0.295,0.288,0.294,0.269,0.279,0.290,0.338,0.295,0.324,0.334,0.288,0.328,0.289,0.280,0.293,0.332,0.329,0.324,0.357,0.330,0.338,0.355,0.284,0.287,0.349,0.289,0.325,0.340,0.337,0.349,0.346,0.340,0.289,0.336,0.329,0.284,0.345,0.336,0.325,0.294,0.285,0.327,0.331,0.289,0.341,0.286,0.276,0.339,0.293,0.288,0.281,0.342,0.290,0.348,0.336,0.294,0.286,0.290,0.285,0.353,0.327,0.341,0.284,0.327,0.341,0.293,0.339,0.286,0.283,0.330,0.293,0.333,0.277
0.257,0.286,0.338,0.281,0.259,0.283,0.262,0.274,0.319,0.270,0.284,0.316,0.282,0.264,0.274,0.330,0.258,0.275,0.272,0.280,0.286,0.325,0.275,0.287,0.284,0.283,0.272,0.268,0.267,0.270,0.282,0.286,0.282,0.272,0.327,0.323,0.274,0.270,0.280,0.320,0.282,0.284,0.276,0.283,0.324,0.275,0.280,0.281,0.282,0.264,0.259,0.268,0.280,0.284,0.273,0.321,0.276,0.276,0.280,0.286,0.285,0.269,0.323,0.267,0.280,0.275,0.267,0.270,0.283,0.323,0.282,0.272,0.274,0.280,0.280,0.322,0.321,0.274,0.272,0.253,0.272,0.268,0.274,0.283,0.281,0.281,0.281,0.246,0.275,0.274,0.276,0.286,0.272,0.333,0.286,0.276,0.269,0.282,0.284,0.284,0.275
0.248,0.243,0.250,0.274,0.267,0.261,0.249,0.244,0.251,0.254,0.253,0.267,0.243,0.248,0.243,0.245,0.259,0.241,0.265,0.254,0.261,0.252,0.268,0.255,0.264,0.255,0.261,0.261,0.260,0.247,0.262,0.254,0.264,0.236,0.242,0.261,0.276,0.266,0.250,0.240,0.265,0.264,0.259,0.287,0.255,0.251,0.268,0.253,0.264,0.261,0.270,0.262,0.245,0.244,0.272,0.251,0.244,0.250,0.270,0.243,0.248,0.250,0.244,0.245,0.242,0.252,0.253,0.250,0.240,0.270,0.244,0.260,0.246,0.264,0.267,0.248,0.238,0.265,0.276,0.262,0.259,0.266,0.265,0.249,0.250,0.264,0.255,0.271,0.250,0.265,0.261,0.269,0.264,0.247,0.264,0.271,0.255,0.254,0.250,0.265,0.249
0.238,0.234,0.244,0.234,0.254,0.244,0.230,0.244,0.246,0.253,0.246,0.267,0.243,0.245,0.250,0.254,0.262,0.232,0.243,0.243,0.258,0.244,0.229,0.250,0.251,0.237,0.266,0.245,0.246,0.239,0.239,0.236,0.244,0.238,0.269,0.229,0.237,0.244,0.255,0.244,0.255,0.238,0.266,0.238,0.253,0.251,0.226,0.242,0.260,0.250,0.236,0.256,0.243,0.252,0.252,0.237,0.257,0.238,0.235,0.239,0.244,0.250,0.240,0.256,0.251,0.241,0.258,0.260,0.246,0.230,0.244,0.245,0.251,0.246,0.251,0.264,0.243,0.243,0.235,0.258,0.230,0.241,0.257,0.253,0.252,0.246,0.254,0.259,0.231,0.256,0.243,0.224,0.234,0.266,0.241,0.237,0.243,0.240,0.250,0.264,0.242
0.300,0.240,0.226,0.254,0.241,0.227,0.248,0.251,0.240,0.222,0.256,0.242,0.250,0.232,0.234,0.240,0.250,0.240,0.225,0.241,0.255,0.240,0.225,0.224,0.231,0.235,0.240,0.240,0.255,0.249,0.253,0.219,0.232,0.248,0.236,0.248,0.243,0.248,0.245,0.245,0.253,0.248,0.249,0.232,0.231,0.246,0.214,0.225,0.228,0.235,0.212,0.251,0.245,0.258,0.249,0.249,0.261,0.232,0.223,0.235,0.230,0.235,0.227,0.244,0.244,0.242,0.236,0.246,0.235,0.248,0.251,0.252,0.228,0.232,0.221,0.235,0.243,0.236,0.258,0.234,0.227,0.244,0.240,0.244,0.242,0.241,0.217,0.231,0.232,0.234,0.233,0.243,0.245,0.227,0.246,0.245,0.243,0.224,0.243,0.240,0.248
0.313,0.309,0.302,0.253,0.250,0.259,0.261,0.236,0.248,0.263,0.263,0.263,0.263,0.246,0.257,0.263,0.263,0.249,0.308,0.254,0.262,0.261,0.262,0.311,0.256,0.252,0.256,0.247,0.320,0.306,0.258,0.250,0.251,0.256,0.260,0.311,0.253,0.306,0.253,0.260,0.259,0.258,0.260,0.262,0.261,0.252,0.256,0.257,0.262,0.312,0.257,0.261,0.244,0.248,0.255,0.243,0.255,0.258,0.309,0.257,0.257,0.254,0.259,0.252,0.260,0.262,0.262,0.242,0.251,0.257,0.258,0.262,0.307,0.307,0.308,0.262,0.249,0.260,0.248,0.307,0.261,0.257,0.255,0.248,0.263,0.264,0.263,0.249,0.256,0.254,0.306,0.261,0.306,0.259,0.311,0.253,0.258,0.258,0.262,0.262,0.256
0.250,0.268,0.263,0.271,0.272,0.321,0.271,0.274,0.251,0.269,0.274,0.269,0.273,0.272,0.274,0.274,0.273,0.273,0.267,0.269,0.268,0.256,0.273,0.267,0.262,0.261,0.259,0.255,0.247,0.264,0.253,0.274,0.252,0.264,0.258,0.272,0.259,0.271,0.273,0.254,0.261,0.268,0.265,0.268,0.274,0.263,0.261,0.264,0.266,0.261,0.269,0.273,0.255,0.265,0.261,0.269,0.272,0.260,0.273,0.269,0.273,0.263,0.270,0.257,0.271,0.263,0.263,0.262,0.270,0.270,0.263,0.272,0.270,0.266,0.271,0.270,0.269,0.268,0.274,0.270,0.258,0.264,0.271,0.257,0.262,0.271,0.256,0.273,0.273,0.274,0.271,0.264,0.266,0.269,0.270,0.265,0.259,0.257,0.272,0.266,0.255
0.292,0.263,0.256,0.255,0.252,0.254,0.237,0.252,0.259,0.246,0.254,0.253,0.267,0.245,0.245,0.247,0.247,0.225,0.241,0.252,0.240,0.241,0.244,0.240,0.243,0.242,0.258,0.259,0.258,0.253,0.241,0.258,0.245,0.262,0.234,0.254,0.238,0.259,0.246,0.226,0.244,0.245,0.254,0.255,0.244,0.259,0.216,0.241,0.237,0.235,0.258,0.257,0.240,0.260,0.244,0.241,0.240,0.253,0.255,0.228,0.252,0.254,0.241,0.229,0.236,0.245,0.245,0.252,0.236,0.244,0.243,0.254,0.263,0.266,0.232,0.247,0.237,0.247,0.253,0.247,0.263,0.256,0.245,0.257,0.255,0.244,0.230,0.236,0.230,0.246,0.243,0.259,0.235,0.229,0.244,0.255,0.259,0.239,0.253,0.237,0.240
0.308,0.249,0.240,0.256,0.247,0.250,0.246,0.252,0.257,0.310,0.250,0.255,0.255,0.256,0.250,0.251,0.255,0.256,0.241,0.250,0.251,0.251,0.252,0.244,0.251,0.258,0.254,0.248,0.307,0.238,0.251,0.239,0.298,0.255,0.258,0.297,0.257,0.250,0.302,0.254,0.238,0.247,0.300,0.257,0.235,0.256,0.257,0.312,0.257,0.239,0.255,0.241,0.298,0.252,0.302,0.252,0.301,0.254,0.236,0.247,0.258,0.245,0.314,0.242,0.303,0.255,0.253,0.251,0.257,0.255,0.255,0.249,0.299,0.255,0.256,0.257,0.249,0.258,0.231,0.253,0.253,0.243,0.303,0.316,0.244,0.252,0.257,0.256,0.258,0.258,0.248,0.305,0.304,0.244,0.254,0.249,0.245,0.254,0.257,0.252,0.246
0.253,0.261,0.252,0.264,0.259,0.265,0.263,0.262,0.268,0.268,0.262,0.256,0.264,0.259,0.264,0.263,0.262,0.269,0.258,0.260,0.270,0.260,0.270,0.265,0.269,0.268,0.254,0.261,0.262,0.262,0.263,0.260,0.269,0.264,0.267,0.260,0.261,0.263,0.265,0.268,0.255,0.269,0.257,0.266,0.261,0.255,0.267,0.270,0.260,0.262,0.269,0.267,0.254,0.270,0.260,0.267,0.269,0.269,0.266,0.249,0.256,0.266,0.264,0.259,0.262,0.254,0.254,0.267,0.268,0.267,0.265,0.267,0.270,0.265,0.267,0.255,0.270,0.269,0.268,0.261,0.263,0.262,0.264,0.263,0.259,0.264,0.269,0.260,0.266,0.263,0.263,0.265,0.262,0.263,0.266,0.264,0.269,0.262,0.263,0.268,0.265
0.237,0.248,0.259,0.243,0.233,0.240,0.237,0.256,0.246,0.247,0.274,0.248,0.248,0.258,0.261,0.259,0.255,0.257,0.250,0.247,0.257,0.237,0.258,0.261,0.258,0.249,0.256,0.242,0.259,0.239,0.257,0.256,0.255,0.246,0.259,0.232,0.259,0.261,0.269,0.241,0.257,0.241,0.249,0.258,0.257,0.272,0.247,0.264,0.248,0.243,0.234,0.245,0.259,0.245,0.245,0.255,0.268,0.239,0.261,0.260,0.248,0.258,0.247,0.275,0.249,0.247,0.233,0.248,0.266,0.256,0.248,0.246,0.258,0.267,0.247,0.263,0.260,0.256,0.248,0.269,0.243,0.262,0.266,0.247,0.263,0.249,0.234,0.257,0.265,0.243,0.259,0.249,0.239,0.261,0.268,0.242,0.236,0.250,0.256,0.268,0.266
0.287,0.254,0.232,0.234,0.220,0.230,0.222,0.241,0.230,0.226,0.233,0.225,0.241,0.241,0.234,0.230,0.224,0.243,0.240,0.242,0.234,0.235,0.252,0.231,0.234,0.245,0.241,0.217,0.220,0.230,0.247,0.244,0.243,0.244,0.227,0.244,0.228,0.247,0.232,0.241,0.218,0.223,0.249,0.245,0.225,0.250,0.226,0.232,0.228,0.249,0.254,0.240,0.253,0.234,0.239,0.239,0.225,0.243,0.245,0.235,0.220,0.241,0.222,0.229,0.239,0.229,0.240,0.235,0.221,0.239,0.244,0.248,0.233,0.222,0.257,0.253,0.208,0.248,0.243,0.246,0.233,0.232,0.225,0.245,0.250,0.249,0.240,0.234,0.226,0.230,0.242,0.234,0.254,0.249,0.231,0.225,0.231,0.248,0.232,0.243,0.231
0.294,0.248,0.252,0.241,0.251,0.249,0.248,0.240,0.249,0.235,0.247,0.247,0.248,0.230,0.251,0.248,0.246,0.215,0.242,0.244,0.239,0.243,0.251,0.240,0.249,0.247,0.247,0.246,0.250,0.251,0.252,0.238,0.251,0.225,0.248,0.236,0.246,0.248,0.252,0.245,0.244,0.248,0.246,0.239,0.252,0.238,0.252,0.232,0.218,0.248,0.236,0.249,0.245,0.249,0.250,0.241,0.242,0.235,0.251,0.251,0.251,0.248,0.251,0.241,0.243,0.234,0.242,0.234,0.245,0.247,0.248,0.235,0.237,0.250,0.245,0.240,0.242,0.248,0.238,0.245,0.244,0.246,0.252,0.249,0.234,0.243,0.248,0.242,0.249,0.245,0.240,0.236,0.250,0.239,0.243,0.252,0.250,0.243,0.227,0.245,0.251
0.262,0.248,0.251,0.255,0.255,0.257,0.253,0.256,0.253,0.257,0.238,0.250,0.250,0.258,0.251,0.255,0.257,0.256,0.254,0.241,0.258,0.245,0.251,0.258,0.255,0.250,0.250,0.245,0.259,0.253,0.249,0.250,0.251,0.255,0.254,0.253,0.243,0.246,0.249,0.242,0.246,0.258,0.251,0.248,0.244,0.249,0.256,0.258,0.258,0.253,0.253,0.250,0.257,0.250,0.247,0.253,0.255,0.237,0.257,0.234,0.257,0.247,0.249,0.258,0.255,0.244,0.254,0.257,0.251,0.248,0.249,0.252,0.231,0.257,0.244,0.254,0.258,0.258,0.254,0.250,0.246,0.253,0.244,0.252,0.249,0.257,0.252,0.257,0.254,0.248,0.253,0.248,0.255,0.243,0.241,0.247,0.244,0.254,0.243,0.253,0.257
0.255,0.254,0.247,0.268,0.274,0.271,0.250,0.264,0.249,0.264,0.244,0.246,0.251,0.253,0.245,0.264,0.237,0.225,0.242,0.251,0.254,0.247,0.269,0.251,0.245,0.268,0.255,0.253,0.245,0.271,0.277,0.253,0.246,0.252,0.243,0.277,0.264,0.265,0.267,0.283,0.254,0.253,0.252,0.248,0.247,0.245,0.237,0.267,0.239,0.248,0.272,0.268,0.248,0.273,0.248,0.247,0.271,0.269,0.249,0.254,0.252,0.271,0.254,0.242,0.264,0.243,0.253,0.265,0.264,0.264,0.248,0.252,0.275,0.254,0.253,0.254,0.243,0.264,0.247,0.267,0.253,0.276,0.273,0.249,0.241,0.247,0.267,0.241,0.264,0.271,0.254,0.249,0.249,0.253,0.249,0.242,0.264,0.247,0.243,0.267,0.271
0.322,0.249,0.241,0.244,0.243,0.267,0.237,0.249,0.258,0.232,0.257,0.236,0.246,0.248,0.221,0.249,0.258,0.248,0.273,0.262,0.277,0.244,0.234,0.249,0.239,0.246,0.236,0.259,0.270,0.245,0.227,0.235,0.263,0.248,0.235,0.241,0.244,0.231,0.247,0.260,0.233,0.244,0.230,0.242,0.248,0.261,0.238,0.247,0.248,0.259,0.268,0.266,0.258,0.243,0.263,0.263,0.222,0.245,0.265,0.261,0.236,0.259,0.268,0.257,0.235,0.242,0.248,0.264,0.258,0.270,0.261,0.247,0.265,0.240,0.249,0.240,0.259,0.249,0.242,0.248,0.259,0.247,0.246,0.272,0.258,0.258,0.240,0.265,0.263,0.238,0.261,0.247,0.257,0.236,0.257,0.248,0.236,0.258,0.244,0.249,0.259
0.338,0.283,0.274,0.273,0.282,0.268,0.281,0.268,0.260,0.269,0.271,0.267,0.283,0.284,0.283,0.279,0.271,0.275,0.277,0.284,0.282,0.276,0.264,0.284,0.279,0.263,0.270,0.276,0.279,0.274,0.283,0.277,0.280,0.284,0.279,0.273,0.278,0.280,0.274,0.277,0.267,0.283,0.282,0.269,0.274,0.281,0.275,0.281,0.278,0.281,0.268,0.270,0.281,0.279,0.279,0.284,0.268,0.277,0.270,0.267,0.281,0.270,0.279,0.278,0.277,0.280,0.281,0.266,0.269,0.279,0.274,0.274,0.282,0.284,0.275,0.283,0.274,0.279,0.268,0.270,0.279,0.276,0.279,0.283,0.277,0.277,0.268,0.275,0.265,0.277,0.278,0.272,0.265,0.270,0.267,0.277,0.269,0.281,0.277,0.281,0.280
0.275,0.301,0.301,0.296,0.300,0.303,0.296,0.300,0.296,0.294,0.362,0.285,0.276,0.292,0.295,0.301,0.277,0.303,0.358,0.358,0.302,0.303,0.273,0.362,0.287,0.292,0.293,0.346,0.291,0.293,0.282,0.300,0.302,0.297,0.286,0.298,0.357,0.289,0.296,0.285,0.293,0.301,0.300,0.363,0.300,0.296,0.301,0.301,0.292,0.284,0.346,0.298,0.296,0.298,0.297,0.289,0.294,0.297,0.297,0.295,0.283,0.280,0.276,0.302,0.301,0.303,0.298,0.298,0.301,0.299,0.277,0.279,0.294,0.302,0.294,0.286,0.304,0.300,0.301,0.295,0.364,0.294,0.280,0.289,0.293,0.288,0.303,0.292,0.285,0.285,0.274,0.356,0.362,0.292,0.299,0.299,0.301,0.303,0.358,0.301,0.283
0.325,0.291,0.280,0.282,0.278,0.289,0.293,0.285,0.258,0.267,0.284,0.298,0.267,0.279,0.287,0.260,0.296,0.264,0.265,0.263,0.292,0.279,0.283,0.272,0.288,0.267,0.269,0.278,0.283,0.283,0.263,0.262,0.264,0.283,0.283,0.277,0.256,0.277,0.257,0.282,0.269,0.270,0.272,0.261,0.271,0.272,0.279,0.278,0.266,0.260,0.263,0.264,0.282,0.285,0.265,0.261,0.256,0.266,0.278,0.262,0.286,0.277,0.285,0.265,0.281,0.262,0.281,0.290,0.289,0.267,0.264,0.271,0.291,0.259,0.258,0.252,0.256,0.287,0.292,0.271,0.301,0.267,0.267,0.289,0.282,0.252,0.254,0.258,0.267,0.260,0.265,0.264,0.261,0.298,0.289,0.294,0.292,0.272,0.263,0.263,0.257
0.326,0.282,0.280,0.287,0.280,0.281,0.284,0.285,0.288,0.282,0.283,0.276,0.289,0.286,0.282,0.269,0.286,0.284,0.277,0.274,0.273,0.269,0.289,0.276,0.290,0.270,0.276,0.277,0.277,0.287,0.283,0.285,0.275,0.278,0.285,0.278,0.281,0.270,0.289,0.287,0.276,0.279,0.280,0.287,0.278,0.290,0.285,0.275,0.284,0.286,0.281,0.279,0.289,0.290,0.279,0.277,0.281,0.289,0.275,0.273,0.284,0.283,0.289,0.282,0.286,0.286,0.288,0.279,0.290,0.289,0.277,0.288,0.284,0.277,0.287,0.276,0.288,0.291,0.289,0.268,0.273,0.276,0.282,0.271,0.279,0.281,0.272,0.282,0.287,0.280,0.279,0.290,0.280,0.273,0.286,0.277,0.288,0.289,0.289,0.286,0.265
0.293,0.287,0.284,0.286,0.280,0.291,0.290,0.282,0.287,0.273,0.291,0.290,0.290,0.286,0.284,0.283,0.285,0.290,0.278,0.291,0.282,0.284,0.284,0.283,0.281,0.278,0.280,0.283,0.272,0.291,0.280,0.285,0.329,0.288,0.280,0.287,0.284,0.286,0.278,0.282,0.285,0.281,0.285,0.265,0.282,0.280,0.285,0.285,0.290,0.283,0.285,0.277,0.279,0.287,0.273,0.289,0.277,0.283,0.290,0.284,0.280,0.288,0.282,0.284,0.275,0.287,0.285,0.284,0.330,0.270,0.286,0.287,0.288,0.287,0.284,0.281,0.281,0.279,0.281,0.288,0.285,0.273,0.282,0.289,0.284,0.291,0.287,0.289,0.271,0.289,0.278,0.290,0.288,0.276,0.291,0.275,0.282,0.283,0.287,0.290,0.287
0.276,0.281,0.286,0.282,0.284,0.284,0.298,0.297,0.300,0.302,0.278,0.304,0.280,0.273,0.269,0.302,0.295,0.274,0.277,0.295,0.285,0.263,0.304,0.271,0.316,0.285,0.284,0.279,0.295,0.297,0.278,0.296,0.273,0.277,0.270,0.270,0.309,0.295,0.274,0.275,0.283,0.280,0.285,0.263,0.308,0.278,0.302,0.284,0.319,0.298,0.300,0.302,0.285,0.277,0.281,0.295,0.298,0.284,0.276,0.301,0.278,0.307,0.277,0.283,0.267,0.274,0.302,0.297,0.266,0.275,0.263,0.295,0.323,0.269,0.300,0.300,0.271,0.276,0.265,0.285,0.297,0.284,0.277,0.278,0.285,0.304,0.313,0.274,0.302,0.320,0.277,0.280,0.285,0.278,0.271,0.295,0.285,0.301,0.300,0.296,0.278
0.315,0.279,0.285,0.316,0.270,0.280,0.315,0.258,0.270,0.280,0.270,0.267,0.278,0.269,0.258,0.269,0.272,0.273,0.286,0.271,0.269,0.265,0.283,0.262,0.280,0.271,0.270,0.279,0.263,0.269,0.266,0.253,0.283,0.284,0.262,0.272,0.261,0.270,0.267,0.316,0.260,0.256,0.270,0.270,0.325,0.266,0.318,0.279,0.320,0.257,0.264,0.280,0.264,0.331,0.255,0.267,0.279,0.268,0.317,0.286,0.269,0.286,0.257,0.261,0.287,0.287,0.282,0.262,0.261,0.272,0.266,0.279,0.271,0.266,0.267,0.259,0.319,0.254,0.257,0.283,0.268,0.324,0.269,0.272,0.280,0.281,0.316,0.269,0.273,0.270,0.260,0.270,0.317,0.263,0.268,0.265,0.267,0.272,0.282,0.284,0.264
0.331,0.282,0.278,0.275,0.275,0.277,0.259,0.281,0.273,0.274,0.273,0.282,0.275,0.332,0.273,0.280,0.278,0.279,0.267,0.262,0.273,0.276,0.271,0.277,0.346,0.281,0.281,0.280,0.273,0.273,0.264,0.278,0.278,0.268,0.274,0.280,0.266,0.281,0.275,0.277,0.276,0.274,0.265,0.270,0.273,0.262,0.273,0.281,0.257,0.282,0.273,0.276,0.272,0.273,0.281,0.273,0.261,0.273,0.277,0.274,0.271,0.274,0.278,0.275,0.273,0.282,0.275,0.281,0.273,0.268,0.280,0.317,0.280,0.282,0.276,0.270,0.272,0.280,0.267,0.276,0.273,0.351,0.277,0.265,0.282,0.274,0.280,0.278,0.280,0.272,0.281,0.272,0.277,0.282,0.281,0.282,0.281,0.262,0.264,0.281,0.282
0.346,0.314,0.312,0.337,0.311,0.338,0.337,0.346,0.357,0.322,0.324,0.346,0.325,0.278,0.315,0.333,0.309,0.352,0.344,0.313,0.314,0.320,0.325,0.336,0.323,0.345,0.339,0.341,0.309,0.280,0.350,0.343,0.337,0.343,0.310,0.280,0.344,0.317,0.314,0.336,0.322,0.324,0.278,0.319,0.337,0.316,0.321,0.322,0.268,0.317,0.335,0.315,0.334,0.319,0.316,0.279,0.333,0.324,0.319,0.278,0.341,0.322,0.306,0.337,0.322,0.323,0.274,0.343,0.323,0.316,0.325,0.336,0.325,0.334,0.310,0.276,0.315,0.321,0.311,0.325,0.322,0.275,0.337,0.323,0.309,0.279,0.356,0.319,0.273,0.279,0.315,0.322,0.325,0.326,0.325,0.323,0.348,0.321,0.342,0.340,0.335
0.350,0.358,0.371,0.343,0.350,0.365,0.348,0.308,0.338,0.340,0.336,0.369,0.368,0.323,0.333,0.357,0.334,0.339,0.334,0.361,0.343,0.359,0.337,0.354,0.341,0.339,0.341,0.343,0.348,0.354,0.332,0.327,0.359,0.367,0.356,0.360,0.339,0.352,0.350,0.334,0.323,0.359,0.354,0.336,0.349,0.338,0.356,0.351,0.362,0.343,0.373,0.353,0.356,0.341,0.349,0.357,0.309,0.327,0.328,0.340,0.340,0.350,0.353,0.361,0.340,0.339,0.338,0.333,0.328,0.358,0.348,0.355,0.363,0.313,0.342,0.337,0.350,0.355,0.350,0.342,0.356,0.364,0.338,0.365,0.329,0.348,0.335,0.327,0.356,0.356,0.364,0.353,0.356,0.339,0.361,0.362,0.352,0.341,0.350,0.340,0.342
0.354,0.363,0.338,0.297,0.303,0.352,0.353,0.362,0.374,0.347,0.361,0.342,0.362,0.353,0.307,0.354,0.356,0.354,0.345,0.365,0.362,0.358,0.340,0.344,0.359,0.368,0.361,0.347,0.352,0.363,0.306,0.305,0.361,0.337,0.346,0.345,0.356,0.347,0.355,0.366,0.352,0.347,0.343,0.343,0.347,0.361,0.359,0.303,0.369,0.342,0.342,0.347,0.371,0.357,0.352,0.342,0.352,0.372,0.359,0.343,0.345,0.357,0.360,0.308,0.354,0.358,0.363,0.307,0.373,0.344,0.343,0.343,0.357,0.338,0.368,0.343,0.308,0.342,0.296,0.348,0.347,0.299,0.346,0.356,0.364,0.338,0.298,0.347,0.368,0.345,0.343,0.361,0.344,0.344,0.340,0.352,0.302,0.357,0.305,0.345,0.363
0.370,0.361,0.369,0.348,0.347,0.366,0.356,0.374,0.343,0.362,0.361,0.367,0.361,0.362,0.356,0.364,0.348,0.364,0.372,0.345,0.362,0.359,0.342,0.356,0.364,0.362,0.343,0.358,0.359,0.364,0.347,0.366,0.341,0.346,0.362,0.358,0.356,0.344,0.364,0.360,0.373,0.362,0.337,0.356,0.352,0.351,0.356,0.345,0.335,0.359,0.366,0.359,0.358,0.344,0.363,0.330,0.374,0.347,0.362,0.348,0.356,0.349,0.329,0.361,0.341,0.340,0.348,0.350,0.358,0.347,0.379,0.335,0.350,0.360,0.365,0.361,0.363,0.345,0.361,0.368,0.360,0.377,0.350,0.333,0.348,0.360,0.364,0.368,0.357,0.347,0.338,0.351,0.341,0.351,0.337,0.349,0.346,0.365,0.340,0.333,0.362
0.310,0.383,0.377,0.362,0.368,0.366,0.358,0.382,0.378,0.374,0.361,0.380,0.356,0.348,0.366,0.367,0.377,0.375,0.376,0.380,0.358,0.385,0.362,0.373,0.386,0.384,0.383,0.356,0.360,0.367,0.364,0.363,0.368,0.364,0.365,0.361,0.377,0.379,0.366,0.383,0.377,0.384,0.377,0.379,0.365,0.363,0.375,0.373,0.356,0.363,0.359,0.373,0.366,0.373,0.349,0.372,0.360,0.377,0.377,0.375,0.379,0.378,0.365,0.356,0.377,0.373,0.346,0.353,0.358,0.357,0.376,0.365,0.384,0.374,0.374,0.361,0.383,0.380,0.373,0.387,0.356,0.377,0.381,0.375,0.368,0.349,0.380,0.366,0.379,0.379,0.359,0.361,0.363,0.376,0.380,0.375,0.366,0.382,0.359,0.377,0.375
0.305,0.345,0.356,0.351,0.345,0.368,0.359,0.348,0.354,0.346,0.367,0.351,0.359,0.351,0.351,0.345,0.359,0.353,0.347,0.354,0.275,0.345,0.351,0.360,0.352,0.354,0.360,0.352,0.347,0.361,0.355,0.357,0.362,0.356,0.359,0.364,0.352,0.348,0.353,0.363,0.346,0.354,0.354,0.369,0.348,0.353,0.369,0.345,0.348,0.353,0.349,0.355,0.365,0.349,0.356,0.359,0.352,0.352,0.365,0.358,0.352,0.359,0.346,0.369,0.346,0.364,0.352,0.360,0.346,0.345,0.347,0.358,0.356,0.360,0.350,0.352,0.358,0.361,0.357,0.357,0.350,0.354,0.355,0.349,0.348,0.350,0.349,0.362,0.356,0.345,0.361,0.347,0.346,0.369,0.347,0.347,0.354,0.351,0.361,0.363,0.368
0.295,0.357,0.355,0.355,0.342,0.353,0.358,0.356,0.348,0.340,0.347,0.369,0.341,0.348,0.345,0.350,0.361,0.343,0.345,0.343,0.345,0.342,0.342,0.352,0.358,0.363,0.349,0.345,0.339,0.345,0.346,0.360,0.346,0.339,0.344,0.355,0.351,0.353,0.352,0.357,0.349,0.299,0.347,0.345,0.350,0.348,0.347,0.339,0.348,0.346,0.343,0.345,0.347,0.350,0.358,0.298,0.347,0.340,0.345,0.340,0.348,0.346,0.342,0.344,0.354,0.349,0.340,0.344,0.345,0.346,0.343,0.344,0.357,0.349,0.345,0.357,0.362,0.343,0.340,0.369,0.344,0.347,0.352,0.348,0.343,0.275,0.343,0.353,0.348,0.361,0.347,0.354,0.342,0.344,0.345,0.354,0.341,0.351,0.351,0.351,0.364
0.326,0.343,0.335,0.336,0.339,0.339,0.334,0.338,0.277,0.349,0.339,0.334,0.344,0.339,0.337,0.333,0.345,0.333,0.340,0.349,0.347,0.344,0.336,0.338,0.342,0.338,0.341,0.346,0.338,0.333,0.354,0.340,0.346,0.332,0.265,0.339,0.336,0.337,0.335,0.350,0.346,0.342,0.341,0.341,0.339,0.332,0.350,0.341,0.349,0.335,0.346,0.332,0.339,0.348,0.346,0.339,0.332,0.338,0.339,0.337,0.337,0.350,0.336,0.334,0.333,0.340,0.335,0.333,0.355,0.340,0.335,0.332,0.364,0.335,0.355,0.343,0.344,0.337,0.340,0.335,0.334,0.332,0.333,0.339,0.334,0.353,0.346,0.349,0.344,0.343,0.346,0.341,0.332,0.337,0.334,0.341,0.342,0.336,0.341,0.342,0.335
0.288,0.338,0.346,0.352,0.314,0.342,0.340,0.323,0.355,0.355,0.346,0.336,0.338,0.342,0.338,0.348,0.354,0.335,0.337,0.344,0.307,0.337,0.348,0.319,0.306,0.343,0.322,0.317,0.320,0.339,0.350,0.318,0.338,0.339,0.338,0.343,0.335,0.317,0.338,0.348,0.324,0.345,0.345,0.342,0.361,0.349,0.324,0.358,0.352,0.345,0.318,0.342,0.344,0.337,0.357,0.324,0.344,0.347,0.346,0.357,0.343,0.348,0.336,0.338,0.349,0.345,0.358,0.350,0.340,0.337,0.346,0.344,0.342,0.336,0.354,0.339,0.346,0.359,0.347,0.322,0.321,0.357,0.314,0.344,0.339,0.317,0.337,0.357,0.324,0.315,0.337,0.347,0.349,0.351,0.347,0.336,0.348,0.324,0.339,0.348,0.349
0.354,0.331,0.340,0.329,0.337,0.326,0.340,0.341,0.324,0.325,0.328,0.340,0.337,0.326,0.323,0.347,0.325,0.346,0.353,0.335,0.264,0.330,0.346,0.328,0.332,0.330,0.324,0.339,0.331,0.330,0.325,0.332,0.327,0.332,0.333,0.334,0.346,0.331,0.334,0.338,0.325,0.332,0.335,0.335,0.331,0.335,0.333,0.334,0.327,0.341,0.331,0.331,0.324,0.339,0.341,0.324,0.326,0.330,0.342,0.323,0.266,0.329,0.333,0.330,0.345,0.328,0.330,0.333,0.326,0.340,0.339,0.333,0.334,0.333,0.346,0.351,0.339,0.345,0.333,0.324,0.337,0.336,0.339,0.338,0.325,0.338,0.334,0.327,0.325,0.340,0.331,0.329,0.326,0.326,0.327,0.329,0.343,0.343,0.324,0.336,0.341
0.306,0.359,0.351,0.362,0.362,0.372,0.364,0.361,0.362,0.305,0.359,0.363,0.339,0.345,0.309,0.362,0.365,0.341,0.346,0.362,0.346,0.347,0.361,0.378,0.347,0.349,0.362,0.358,0.349,0.351,0.350,0.345,0.366,0.352,0.362,0.349,0.358,0.367,0.370,0.366,0.347,0.340,0.361,0.372,0.364,0.359,0.343,0.363,0.365,0.341,0.365,0.350,0.371,0.365,0.364,0.344,0.342,0.352,0.341,0.351,0.352,0.358,0.303,0.364,0.362,0.352,0.345,0.359,0.348,0.359,0.365,0.358,0.374,0.361,0.358,0.358,0.363,0.350,0.360,0.346,0.358,0.363,0.365,0.352,0.368,0.344,0.358,0.364,0.349,0.342,0.357,0.348,0.369,0.365,0.366,0.342,0.351,0.352,0.367,0.350,0.349
0.363,0.352,0.360,0.355,0.285,0.345,0.353,0.348,0.341,0.294,0.353,0.289,0.354,0.361,0.353,0.356,0.349,0.285,0.347,0.356,0.341,0.293,0.341,0.356,0.351,0.350,0.288,0.357,0.341,0.344,0.342,0.341,0.343,0.347,0.347,0.284,0.350,0.349,0.342,0.283,0.287,0.350,0.344,0.276,0.347,0.351,0.345,0.361,0.350,0.343,0.346,0.344,0.355,0.350,0.342,0.352,0.341,0.350,0.344,0.348,0.343,0.347,0.346,0.291,0.360,0.344,0.358,0.344,0.347,0.343,0.360,0.344,0.288,0.281,0.347,0.347,0.348,0.362,0.350,0.351,0.344,0.342,0.345,0.345,0.344,0.346,0.343,0.344,0.345,0.351,0.293,0.358,0.342,0.351,0.358,0.343,0.352,0.341,0.349,0.357,0.354
0.375,0.370,0.372,0.373,0.373,0.374,0.343,0.356,0.371,0.371,0.343,0.360,0.347,0.350,0.365,0.357,0.358,0.359,0.366,0.371,0.354,0.361,0.367,0.360,0.371,0.375,0.352,0.385,0.357,0.376,0.374,0.379,0.371,0.356,0.330,0.356,0.374,0.366,0.353,0.351,0.352,0.358,0.377,0.367,0.357,0.368,0.355,0.377,0.348,0.369,0.350,0.359,0.370,0.368,0.361,0.365,0.348,0.348,0.369,0.379,0.371,0.366,0.373,0.365,0.372,0.368,0.365,0.347,0.368,0.367,0.371,0.367,0.358,0.378,0.358,0.357,0.346,0.354,0.347,0.378,0.368,0.358,0.353,0.382,0.347,0.376,0.357,0.353,0.350,0.371,0.356,0.354,0.346,0.357,0.371,0.370,0.357,0.356,0.348,0.368,0.365
0.387,0.378,0.382,0.381,0.357,0.372,0.378,0.370,0.373,0.391,0.387,0.371,0.380,0.384,0.379,0.366,0.377,0.366,0.377,0.381,0.380,0.387,0.363,0.378,0.371,0.383,0.384,0.363,0.372,0.367,0.387,0.380,0.385,0.384,0.366,0.384,0.387,0.382,0.359,0.379,0.382,0.369,0.372,0.386,0.381,0.373,0.370,0.371,0.390,0.373,0.393,0.377,0.365,0.385,0.356,0.377,0.395,0.390,0.388,0.384,0.386,0.368,0.382,0.379,0.387,0.390,0.371,0.362,0.388,0.362,0.373,0.357,0.369,0.379,0.368,0.388,0.371,0.358,0.392,0.385,0.378,0.367,0.366,0.377,0.377,0.362,0.366,0.380,0.364,0.385,0.371,0.385,0.370,0.381,0.378,0.390,0.369,0.393,0.388,0.369,0.370
0.302,0.391,0.394,0.379,0.376,0.372,0.401,0.372,0.384,0.395,0.391,0.404,0.389,0.384,0.390,0.400,0.393,0.378,0.385,0.376,0.391,0.391,0.378,0.380,0.395,0.392,0.382,0.380,0.384,0.377,0.382,0.396,0.381,0.401,0.396,0.395,0.391,0.381,0.378,0.377,0.389,0.408,0.392,0.400,0.385,0.382,0.394,0.383,0.384,0.389,0.378,0.390,0.376,0.394,0.380,0.407,0.376,0.379,0.393,0.379,0.394,0.377,0.394,0.398,0.393,0.389,0.381,0.379,0.394,0.394,0.382,0.389,0.405,0.383,0.391,0.391,0.393,0.402,0.398,0.380,0.390,0.368,0.384,0.371,0.375,0.390,0.406,0.392,0.403,0.368,0.377,0.380,0.381,0.396,0.378,0.379,0.381,0.368,0.383,0.391,0.385
0.287,0.340,0.342,0.341,0.296,0.344,0.290,0.299,0.347,0.358,0.290,0.341,0.341,0.289,0.341,0.340,0.346,0.296,0.344,0.358,0.349,0.343,0.342,0.294,0.362,0.347,0.351,0.295,0.341,0.298,0.349,0.355,0.344,0.297,0.360,0.349,0.354,0.296,0.345,0.351,0.356,0.288,0.300,0.345,0.297,0.353,0.299,0.285,0.342,0.341,0.355,0.348,0.294,0.291,0.349,0.293,0.293,0.297,0.293,0.345,0.343,0.344,0.355,0.340,0.354,0.347,0.348,0.346,0.348,0.346,0.298,0.300,0.345,0.343,0.341,0.349,0.290,0.345,0.353,0.346,0.350,0.344,0.347,0.295,0.342,0.355,0.362,0.345,0.299,0.283,0.350,0.347,0.274,0.350,0.348,0.299,0.351,0.341,0.346,0.350,0.288
0.276,0.280,0.274,0.327,0.348,0.277,0.281,0.329,0.335,0.326,0.323,0.273,0.343,0.278,0.346,0.281,0.279,0.323,0.280,0.325,0.339,0.276,0.285,0.323,0.330,0.279,0.319,0.284,0.323,0.279,0.329,0.329,0.331,0.278,0.279,0.342,0.320,0.342,0.339,0.323,0.278,0.328,0.283,0.283,0.280,0.283,0.273,0.274,0.326,0.282,0.269,0.276,0.319,0.324,0.323,0.276,0.332,0.334,0.331,0.330,0.321,0.328,0.339,0.321,0.282,0.275,0.343,0.323,0.343,0.331,0.329,0.343,0.319,0.277,0.281,0.276,0.272,0.271,0.268,0.283,0.267,0.284,0.340,0.338,0.321,0.285,0.278,0.332,0.326,0.320,0.280,0.263,0.328,0.283,0.332,0.282,0.337,0.320,0.277,0.284,0.272
0.275,0.278,0.262,0.261,0.333,0.334,0.322,0.271,0.270,0.312,0.315,0.323,0.325,0.319,0.278,0.329,0.324,0.272,0.308,0.308,0.252,0.272,0.307,0.313,0.320,0.311,0.265,0.331,0.326,0.274,0.315,0.266,0.280,0.319,0.266,0.324,0.271,0.259,0.310,0.309,0.263,0.253,0.272,0.261,0.257,0.274,0.267,0.265,0.309,0.307,0.322,0.256,0.269,0.266,0.262,0.262,0.263,0.273,0.314,0.272,0.273,0.324,0.323,0.267,0.314,0.278,0.324,0.309,0.269,0.270,0.317,0.272,0.267,0.330,0.265,0.263,0.311,0.272,0.309,0.273,0.306,0.270,0.315,0.274,0.280,0.311,0.269,0.319,0.311,0.311,0.271,0.279,0.318,0.324,0.315,0.257,0.323,0.264,0.272,0.318,0.278
0.331,0.278,0.279,0.280,0.273,0.319,0.318,0.335,0.324,0.312,0.315,0.311,0.279,0.263,0.307,0.268,0.309,0.316,0.260,0.315,0.316,0.314,0.266,0.271,0.309,0.261,0.323,0.316,0.325,0.269,0.268,0.309,0.269,0.263,0.322,0.317,0.310,0.326,0.267,0.323,0.264,0.264,0.279,0.270,0.273,0.316,0.271,0.262,0.336,0.263,0.279,0.262,0.259,0.269,0.315,0.322,0.278,0.310,0.269,0.313,0.259,0.269,0.309,0.259,0.257,0.254,0.267,0.313,0.309,0.315,0.270,0.338,0.308,0.266,0.273,0.316,0.256,0.273,0.319,0.311,0.271,0.315,0.265,0.322,0.309,0.277,0.260,0.272,0.314,0.316,0.258,0.264,0.273,0.272,0.312,0.259,0.268,0.314,0.316,0.260,0.311
0.260,0.285,0.340,0.341,0.335,0.292,0.278,0.349,0.285,0.296,0.302,0.333,0.339,0.338,0.336,0.303,0.293,0.345,0.338,0.342,0.303,0.342,0.272,0.346,0.303,0.299,0.298,0.297,0.333,0.336,0.351,0.333,0.289,0.358,0.305,0.303,0.298,0.286,0.347,0.289,0.345,0.302,0.340,0.301,0.337,0.333,0.333,0.348,0.333,0.290,0.283,0.298,0.341,0.340,0.343,0.338,0.338,0.295,0.340,0.350,0.304,0.341,0.297,0.346,0.341,0.335,0.292,0.337,0.352,0.335,0.358,0.287,0.295,0.296,0.333,0.344,0.298,0.333,0.340,0.335,0.334,0.305,0.349,0.294,0.351,0.297,0.341,0.340,0.333,0.334,0.339,0.303,0.297,0.346,0.301,0.334,0.303,0.336,0.342,0.296,0.274
0.329,0.286,0.248,0.263,0.251,0.242,0.283,0.258,0.258,0.269,0.253,0.243,0.275,0.240,0.263,0.245,0.265,0.267,0.258,0.254,0.252,0.256,0.250,0.257,0.255,0.294,0.256,0.255,0.268,0.282,0.252,0.258,0.253,0.274,0.268,0.267,0.252,0.262,0.272,0.278,0.257,0.266,0.271,0.264,0.272,0.241,0.267,0.269,0.285,0.268,0.244,0.250,0.268,0.268,0.280,0.270,0.251,0.287,0.257,0.264,0.253,0.268,0.277,0.276,0.268,0.257,0.271,0.275,0.265,0.255,0.276,0.297,0.269,0.254,0.253,0.270,0.247,0.262,0.267,0.269,0.262,0.246,0.277,0.276,0.263,0.256,0.258,0.257,0.263,0.265,0.247,0.245,0.257,0.262,0.246,0.264,0.272,0.255,0.271,0.251,0.265
0.288,0.284,0.297,0.282,0.299,0.335,0.344,0.288,0.294,0.275,0.335,0.287,0.287,0.298,0.342,0.286,0.342,0.337,0.339,0.299,0.283,0.298,0.283,0.340,0.288,0.277,0.287,0.333,0.341,0.353,0.287,0.292,0.296,0.283,0.291,0.349,0.298,0.332,0.285,0.297,0.342,0.292,0.349,0.333,0.345,0.340,0.337,0.334,0.333,0.343,0.290,0.333,0.280,0.347,0.338,0.334,0.292,0.333,0.270,0.334,0.294,0.344,0.337,0.336,0.342,0.339,0.354,0.334,0.345,0.347,0.340,0.336,0.297,0.340,0.337,0.358,0.338,0.340,0.344,0.334,0.279,0.295,0.348,0.337,0.297,0.344,0.346,0.355,0.297,0.335,0.341,0.284,0.298,0.334,0.273,0.333,0.278,0.333,0.345,0.335,0.342
0.257,0.291,0.278,0.293,0.278,0.268,0.276,0.269,0.282,0.269,0.295,0.293,0.269,0.268,0.276,0.281,0.267,0.275,0.275,0.277,0.261,0.267,0.276,0.274,0.280,0.277,0.266,0.279,0.266,0.290,0.295,0.273,0.281,0.278,0.274,0.302,0.281,0.279,0.292,0.290,0.266,0.296,0.279,0.264,0.279,0.272,0.293,0.276,0.272,0.280,0.269,0.292,0.274,0.290,0.276,0.275,0.308,0.274,0.293,0.279,0.301,0.267,0.303,0.291,0.273,0.270,0.295,0.277,0.270,0.270,0.276,0.270,0.280,0.262,0.277,0.274,0.275,0.300,0.277,0.299,0.300,0.280,0.274,0.290,0.267,0.278,0.264,0.299,0.271,0.259,0.279,0.267,0.303,0.275,0.309,0.263,0.310,0.279,0.277,0.280,0.293
0.310,0.248,0.266,0.250,0.250,0.254,0.264,0.247,0.276,0.251,0.279,0.248,0.281,0.268,0.274,0.243,0.248,0.247,0.265,0.268,0.263,0.264,0.272,0.253,0.264,0.263,0.243,0.259,0.283,0.268,0.255,0.274,0.264,0.251,0.268,0.276,0.264,0.259,0.265,0.261,0.267,0.254,0.247,0.269,0.280,0.262,0.288,0.269,0.268,0.261,0.252,0.253,0.255,0.243,0.255,0.259,0.254,0.261,0.259,0.251,0.254,0.249,0.251,0.268,0.254,0.263,0.251,0.255,0.244,0.240,0.243,0.265,0.263,0.254,0.240,0.265,0.251,0.260,0.261,0.270,0.220,0.264,0.248,0.242,0.247,0.234,0.265,0.245,0.266,0.255,0.255,0.264,0.229,0.264,0.260,0.268,0.252,0.261,0.249,0.264,0.265
0.269,0.249,0.266,0.273,0.273,0.273,0.270,0.269,0.261,0.257,0.261,0.265,0.272,0.275,0.268,0.260,0.269,0.270,0.259,0.252,0.268,0.271,0.271,0.268,0.262,0.272,0.271,0.268,0.275,0.267,0.258,0.267,0.264,0.275,0.270,0.270,0.270,0.273,0.272,0.265,0.263,0.263,0.268,0.267,0.269,0.240,0.262,0.259,0.272,0.265,0.262,0.267,0.261,0.266,0.274,0.269,0.268,0.271,0.270,0.266,0.262,0.270,0.261,0.261,0.269,0.264,0.273,0.273,0.262,0.270,0.267,0.270,0.270,0.272,0.262,0.273,0.264,0.272,0.268,0.266,0.270,0.256,0.273,0.265,0.268,0.273,0.257,0.270,0.266,0.261,0.271,0.261,0.272,0.263,0.270,0.275,0.274,0.271,0.269,0.267,0.274
0.267,0.261,0.284,0.264,0.263,0.262,0.263,0.249,0.254,0.281,0.277,0.278,0.264,0.253,0.276,0.275,0.257,0.296,0.272,0.275,0.254,0.288,0.272,0.264,0.271,0.251,0.275,0.271,0.250,0.277,0.281,0.258,0.248,0.271,0.287,0.259,0.271,0.277,0.252,0.276,0.291,0.279,0.261,0.259,0.253,0.277,0.271,0.279,0.259,0.278,0.265,0.279,0.250,0.259,0.259,0.274,0.250,0.264,0.278,0.273,0.281,0.271,0.263,0.285,0.283,0.264,0.272,0.258,0.258,0.257,0.275,0.246,0.284,0.259,0.253,0.265,0.255,0.259,0.261,0.264,0.245,0.259,0.246,0.285,0.248,0.263,0.279,0.255,0.276,0.258,0.274,0.277,0.261,0.253,0.254,0.265,0.265,0.260,0.272,0.255,0.287
0.322,0.237,0.273,0.274,0.261,0.252,0.255,0.261,0.255,0.275,0.263,0.277,0.264,0.247,0.279,0.263,0.252,0.261,0.253,0.274,0.253,0.254,0.263,0.278,0.255,0.262,0.260,0.261,0.243,0.251,0.256,0.258,0.249,0.261,0.281,0.254,0.261,0.250,0.279,0.278,0.237,0.262,0.260,0.261,0.251,0.261,0.262,0.283,0.251,0.246,0.278,0.260,0.261,0.250,0.255,0.263,0.281,0.274,0.273,0.259,0.255,0.275,0.253,0.263,0.252,0.261,0.259,0.271,0.252,0.239,0.269,0.275,0.258,0.262,0.260,0.271,0.270,0.272,0.263,0.251,0.276,0.272,0.274,0.253,0.272,0.263,0.255,0.275,0.250,0.248,0.261,0.323,0.275,0.256,0.273,0.253,0.270,0.243,0.253,0.281,0.281
0.276,0.276,0.325,0.329,0.313,0.266,0.338,0.279,0.328,0.330,0.309,0.276,0.313,0.335,0.336,0.274,0.330,0.265,0.310,0.274,0.328,0.269,0.277,0.312,0.309,0.310,0.270,0.335,0.331,0.326,0.335,0.306,0.312,0.266,0.307,0.334,0.275,0.280,0.326,0.311,0.313,0.345,0.273,0.312,0.278,0.329,0.279,0.325,0.325,0.313,0.278,0.311,0.340,0.311,0.331,0.348,0.339,0.325,0.310,0.334,0.275,0.277,0.329,0.307,0.335,0.325,0.306,0.332,0.330,0.274,0.271,0.272,0.336,0.344,0.278,0.339,0.313,0.334,0.327,0.307,0.327,0.346,0.328,0.279,0.325,0.276,0.346,0.313,0.341,0.278,0.279,0.311,0.307,0.338,0.275,0.276,0.271,0.264,0.330,0.275,0.279
0.303,0.280,0.263,0.279,0.291,0.266,0.260,0.282,0.278,0.266,0.258,0.258,0.272,0.266,0.279,0.278,0.290,0.268,0.282,0.283,0.291,0.269,0.278,0.266,0.268,0.292,0.271,0.262,0.269,0.266,0.268,0.256,0.270,0.266,0.286,0.284,0.267,0.257,0.265,0.282,0.271,0.260,0.284,0.269,0.267,0.266,0.269,0.287,0.281,0.263,0.287,0.263,0.266,0.280,0.262,0.259,0.282,0.284,0.262,0.287,0.266,0.281,0.295,0.297,0.278,0.272,0.257,0.265,0.287,0.281,0.264,0.281,0.279,0.278,0.265,0.265,0.259,0.250,0.267,0.267,0.285,0.259,0.287,0.281,0.260,0.303,0.270,0.262,0.263,0.267,0.268,0.266,0.286,0.265,0.284,0.267,0.265,0.240,0.271,0.296,0.268
0.266,0.319,0.270,0.266,0.258,0.270,0.266,0.268,0.251,0.259,0.270,0.318,0.260,0.259,0.326,0.271,0.265,0.266,0.272,0.261,0.247,0.270,0.259,0.271,0.259,0.271,0.264,0.265,0.265,0.270,0.266,0.259,0.267,0.265,0.312,0.237,0.268,0.263,0.256,0.309,0.263,0.258,0.263,0.248,0.311,0.271,0.263,0.249,0.342,0.266,0.269,0.318,0.256,0.269,0.246,0.271,0.245,0.309,0.327,0.264,0.264,0.261,0.269,0.269,0.253,0.263,0.265,0.317,0.258,0.264,0.252,0.272,0.306,0.317,0.317,0.259,0.269,0.261,0.271,0.260,0.270,0.268,0.307,0.321,0.260,0.267,0.272,0.263,0.270,0.321,0.256,0.318,0.267,0.259,0.258,0.267,0.319,0.260,0.264,0.265,0.272
0.310,0.257,0.253,0.261,0.262,0.273,0.252,0.284,0.297,0.268,0.271,0.256,0.263,0.260,0.275,0.256,0.275,0.269,0.275,0.263,0.260,0.264,0.275,0.280,0.274,0.244,0.276,0.240,0.257,0.272,0.253,0.239,0.263,0.254,0.270,0.274,0.262,0.258,0.257,0.276,0.262,0.270,0.259,0.257,0.256,0.272,0.253,0.264,0.261,0.256,0.269,0.249,0.253,0.255,0.252,0.258,0.264,0.261,0.278,0.246,0.268,0.262,0.260,0.256,0.244,0.252,0.272,0.256,0.258,0.260,0.271,0.272,0.271,0.258,0.272,0.250,0.271,0.269,0.270,0.256,0.262,0.278,0.249,0.260,0.263,0.268,0.253,0.271,0.254,0.262,0.248,0.251,0.269,0.285,0.260,0.255,0.261,0.268,0.252,0.262,0.285
0.268,0.267,0.273,0.270,0.267,0.252,0.271,0.264,0.268,0.270,0.273,0.263,0.257,0.268,0.269,0.270,0.272,0.265,0.261,0.260,0.260,0.271,0.275,0.263,0.271,0.270,0.271,0.262,0.275,0.270,0.266,0.274,0.275,0.275,0.269,0.262,0.265,0.266,0.270,0.269,0.273,0.259,0.269,0.271,0.259,0.275,0.271,0.266,0.267,0.276,0.264,0.274,0.260,0.268,0.273,0.258,0.263,0.268,0.264,0.264,0.271,0.273,0.263,0.273,0.267,0.272,0.263,0.274,0.255,0.263,0.272,0.275,0.255,0.263,0.276,0.266,0.258,0.270,0.275,0.270,0.273,0.258,0.273,0.267,0.267,0.271,0.262,0.267,0.257,0.268,0.275,0.275,0.262,0.275,0.259,0.254,0.271,0.256,0.273,0.275,0.259
0.320,0.279,0.262,0.290,0.273,0.254,0.242,0.264,0.272,0.280,0.279,0.277,0.282,0.281,0.262,0.255,0.257,0.247,0.287,0.272,0.285,0.260,0.253,0.263,0.278,0.263,0.262,0.291,0.248,0.263,0.273,0.260,0.261,0.279,0.289,0.277,0.259,0.285,0.274,0.272,0.250,0.262,0.278,0.262,0.272,0.271,0.263,0.276,0.284,0.250,0.263,0.274,0.279,0.258,0.242,0.261,0.288,0.246,0.276,0.265,0.272,0.271,0.258,0.250,0.276,0.258,0.258,0.271,0.286,0.284,0.255,0.273,0.271,0.265,0.261,0.278,0.256,0.270,0.284,0.273,0.279,0.257,0.255,0.257,0.288,0.262,0.260,0.258,0.262,0.278,0.270,0.272,0.261,0.274,0.270,0.252,0.271,0.255,0.276,0.257,0.272
0.279,0.274,0.268,0.274,0.274,0.275,0.272,0.278,0.275,0.270,0.275,0.275,0.270,0.277,0.282,0.266,0.266,0.269,0.279,0.275,0.276,0.283,0.277,0.283,0.282,0.275,0.272,0.284,0.277,0.275,0.282,0.284,0.271,0.272,0.271,0.280,0.275,0.278,0.278,0.280,0.279,0.280,0.264,0.279,0.281,0.275,0.277,0.284,0.263,0.284,0.282,0.281,0.281,0.279,0.281,0.278,0.277,0.272,0.322,0.277,0.271,0.283,0.274,0.277,0.277,0.277,0.265,0.281,0.275,0.279,0.283,0.275,0.279,0.273,0.278,0.274,0.323,0.279,0.280,0.270,0.281,0.271,0.267,0.270,0.276,0.275,0.271,0.275,0.277,0.279,0.277,0.283,0.275,0.265,0.276,0.322,0.269,0.281,0.273,0.272,0.270
0.266,0.257,0.247,0.269,0.262,0.270,0.253,0.273,0.262,0.255,0.273,0.287,0.249,0.248,0.281,0.268,0.273,0.260,0.288,0.284,0.292,0.263,0.283,0.327,0.259,0.273,0.268,0.262,0.281,0.257,0.271,0.256,0.250,0.281,0.284,0.267,0.264,0.281,0.305,0.295,0.290,0.259,0.258,0.261,0.267,0.270,0.268,0.284,0.287,0.270,0.265,0.297,0.292,0.257,0.266,0.268,0.285,0.308,0.266,0.269,0.282,0.281,0.267,0.296,0.259,0.272,0.273,0.294,0.270,0.258,0.267,0.266,0.262,0.264,0.273,0.264,0.272,0.265,0.266,0.267,0.273,0.282,0.261,0.272,0.268,0.267,0.266,0.258,0.300,0.273,0.289,0.248,0.298,0.269,0.269,0.271,0.290,0.269,0.262,0.292,0.261
0.259,0.291,0.260,0.280,0.268,0.274,0.269,0.263,0.242,0.235,0.262,0.271,0.247,0.257,0.262,0.276,0.275,0.250,0.255,0.269,0.268,0.268,0.280,0.270,0.273,0.274,0.260,0.250,0.286,0.257,0.256,0.273,0.248,0.244,0.254,0.289,0.274,0.276,0.261,0.270,0.268,0.263,0.264,0.262,0.260,0.259,0.262,0.259,0.261,0.271,0.275,0.262,0.270,0.268,0.270,0.262,0.260,0.263,0.252,0.257,0.249,0.255,0.270,0.246,0.273,0.270,0.293,0.278,0.249,0.259,0.291,0.241,0.271,0.281,0.274,0.262,0.273,0.270,0.262,0.271,0.262,0.277,0.270,0.259,0.274,0.249,0.260,0.290,0.270,0.268,0.261,0.260,0.257,0.273,0.260,0.272,0.280,0.263,0.263,0.260,0.260
0.248,0.266,0.248,0.265,0.250,0.237,0.267,0.277,0.253,0.255,0.264,0.275,0.267,0.244,0.272,0.275,0.262,0.257,0.262,0.262,0.252,0.252,0.275,0.247,0.251,0.271,0.249,0.253,0.244,0.326,0.242,0.270,0.275,0.253,0.256,0.250,0.250,0.268,0.251,0.241,0.261,0.261,0.263,0.240,0.284,0.268,0.249,0.247,0.255,0.272,0.267,0.252,0.261,0.274,0.243,0.252,0.248,0.251,0.262,0.270,0.253,0.264,0.269,0.257,0.241,0.247,0.263,0.249,0.243,0.238,0.280,0.242,0.265,0.275,0.266,0.266,0.251,0.247,0.269,0.263,0.255,0.261,0.275,0.242,0.272,0.275,0.268,0.253,0.273,0.270,0.256,0.247,0.253,0.261,0.253,0.272,0.255,0.280,0.274,0.274,0.264
0.310,0.257,0.256,0.241,0.260,0.260,0.272,0.254,0.254,0.256,0.228,0.253,0.252,0.243,0.245,0.232,0.228,0.246,0.264,0.238,0.258,0.246,0.256,0.244,0.246,0.238,0.257,0.252,0.265,0.244,0.260,0.241,0.269,0.252,0.268,0.258,0.262,0.258,0.257,0.250,0.241,0.263,0.256,0.246,0.239,0.230,0.237,0.239,0.235,0.238,0.250,0.256,0.227,0.240,0.239,0.262,0.246,0.236,0.241,0.264,0.244,0.252,0.235,0.232,0.229,0.246,0.237,0.267,0.242,0.253,0.243,0.253,0.246,0.235,0.239,0.236,0.243,0.257,0.244,0.245,0.237,0.234,0.257,0.258,0.236,0.257,0.253,0.269,0.227,0.243,0.252,0.257,0.237,0.255,0.250,0.264,0.242,0.256,0.239,0.241,0.241
0.313,0.273,0.268,0.271,0.270,0.255,0.314,0.254,0.266,0.271,0.264,0.248,0.266,0.266,0.272,0.263,0.267,0.259,0.259,0.265,0.254,0.265,0.260,0.262,0.241,0.269,0.268,0.270,0.259,0.273,0.269,0.264,0.272,0.258,0.253,0.273,0.267,0.261,0.273,0.266,0.271,0.269,0.258,0.273,0.270,0.262,0.271,0.264,0.268,0.261,0.261,0.272,0.267,0.262,0.266,0.270,0.267,0.328,0.267,0.258,0.264,0.269,0.269,0.271,0.265,0.265,0.250,0.271,0.273,0.270,0.269,0.273,0.272,0.262,0.272,0.272,0.263,0.271,0.272,0.269,0.269,0.261,0.271,0.264,0.265,0.268,0.255,0.269,0.266,0.273,0.265,0.265,0.269,0.273,0.271,0.269,0.262,0.259,0.265,0.269,0.264
0.329,0.264,0.326,0.270,0.272,0.275,0.329,0.318,0.272,0.273,0.318,0.318,0.272,0.320,0.267,0.269,0.266,0.274,0.268,0.341,0.323,0.272,0.328,0.272,0.269,0.318,0.267,0.271,0.264,0.275,0.316,0.276,0.265,0.330,0.319,0.269,0.319,0.262,0.271,0.268,0.274,0.275,0.272,0.261,0.270,0.274,0.269,0.273,0.318,0.270,0.275,0.318,0.273,0.271,0.261,0.260,0.276,0.267,0.273,0.262,0.265,0.276,0.333,0.270,0.260,0.266,0.318,0.262,0.321,0.252,0.269,0.271,0.265,0.327,0.323,0.338,0.256,0.260,0.275,0.317,0.276,0.339,0.323,0.268,0.255,0.275,0.320,0.272,0.322,0.339,0.263,0.329,0.270,0.252,0.272,0.323,0.262,0.270,0.271,0.276,0.272
0.336,0.271,0.292,0.281,0.282,0.288,0.282,0.280,0.275,0.283,0.283,0.346,0.288,0.291,0.283,0.284,0.335,0.281,0.286,0.288,0.347,0.275,0.292,0.279,0.288,0.273,0.350,0.272,0.284,0.286,0.281,0.277,0.290,0.288,0.279,0.287,0.347,0.272,0.347,0.288,0.291,0.286,0.282,0.286,0.350,0.274,0.287,0.290,0.273,0.286,0.291,0.283,0.281,0.290,0.287,0.271,0.288,0.291,0.289,0.272,0.277,0.268,0.263,0.350,0.291,0.281,0.283,0.287,0.291,0.284,0.287,0.286,0.283,0.289,0.352,0.282,0.289,0.286,0.289,0.270,0.279,0.289,0.277,0.272,0.287,0.289,0.291,0.284,0.292,0.272,0.286,0.289,0.288,0.280,0.276,0.264,0.281,0.287,0.289,0.277,0.284
0.287,0.301,0.286,0.292,0.290,0.289,0.349,0.288,0.298,0.302,0.294,0.297,0.345,0.346,0.362,0.288,0.346,0.295,0.291,0.348,0.288,0.296,0.302,0.286,0.350,0.291,0.284,0.360,0.366,0.293,0.298,0.358,0.295,0.293,0.286,0.293,0.281,0.296,0.302,0.300,0.292,0.289,0.293,0.294,0.294,0.281,0.301,0.283,0.301,0.292,0.293,0.294,0.292,0.297,0.301,0.289,0.295,0.349,0.293,0.356,0.285,0.349,0.287,0.287,0.286,0.349,0.296,0.287,0.346,0.295,0.300,0.347,0.349,0.302,0.294,0.293,0.352,0.353,0.278,0.355,0.290,0.284,0.286,0.283,0.289,0.299,0.346,0.292,0.275,0.295,0.302,0.297,0.298,0.301,0.284,0.293,0.293,0.301,0.300,0.293,0.301
0.337,0.273,0.300,0.276,0.289,0.273,0.290,0.279,0.290,0.278,0.305,0.282,0.290,0.304,0.280,0.274,0.282,0.266,0.268,0.309,0.275,0.265,0.298,0.271,0.277,0.275,0.301,0.269,0.278,0.271,0.273,0.306,0.266,0.280,0.281,0.277,0.293,0.291,0.296,0.305,0.297,0.289,0.265,0.277,0.290,0.290,0.270,0.277,0.292,0.279,0.281,0.292,0.277,0.281,0.281,0.269,0.264,0.277,0.262,0.303,0.293,0.268,0.317,0.295,0.282,0.290,0.269,0.278,0.270,0.271,0.273,0.278,0.300,0.266,0.277,0.269,0.278,0.298,0.281,0.274,0.298,0.282,0.271,0.266,0.281,0.289,0.275,0.272,0.273,0.263,0.279,0.291,0.281,0.281,0.305,0.307,0.276,0.313,0.270,0.266,0.275
0.310,0.324,0.351,0.317,0.289,0.368,0.323,0.344,0.318,0.339,0.329,0.328,0.347,0.290,0.342,0.342,0.325,0.342,0.323,0.283,0.277,0.328,0.318,0.323,0.319,0.328,0.329,0.345,0.317,0.289,0.272,0.290,0.348,0.320,0.325,0.284,0.341,0.340,0.341,0.287,0.318,0.349,0.323,0.342,0.340,0.286,0.289,0.347,0.345,0.326,0.325,0.344,0.342,0.290,0.344,0.344,0.286,0.341,0.329,0.349,0.360,0.349,0.288,0.275,0.320,0.353,0.343,0.316,0.339,0.324,0.283,0.278,0.327,0.317,0.321,0.346,0.316,0.344,0.347,0.327,0.326,0.285,0.340,0.321,0.321,0.284,0.348,0.328,0.321,0.345,0.327,0.326,0.319,0.341,0.343,0.318,0.341,0.283,0.355,0.321,0.281
0.290,0.339,0.334,0.345,0.333,0.333,0.344,0.355,0.338,0.335,0.334,0.334,0.339,0.341,0.340,0.336,0.345,0.341,0.267,0.281,0.354,0.337,0.345,0.339,0.347,0.335,0.333,0.332,0.346,0.353,0.350,0.360,0.335,0.336,0.341,0.294,0.282,0.336,0.341,0.348,0.337,0.340,0.337,0.334,0.353,0.343,0.308,0.342,0.340,0.340,0.333,0.348,0.334,0.339,0.352,0.343,0.335,0.340,0.342,0.341,0.308,0.336,0.343,0.340,0.354,0.332,0.281,0.276,0.347,0.360,0.338,0.344,0.336,0.358,0.345,0.340,0.337,0.344,0.279,0.341,0.334,0.277,0.336,0.341,0.344,0.341,0.355,0.335,0.281,0.337,0.336,0.335,0.370,0.351,0.342,0.338,0.333,0.345,0.335,0.339,0.341
0.329,0.336,0.276,0.299,0.271,0.273,0.279,0.274,0.298,0.300,0.280,0.281,0.300,0.337,0.339,0.296,0.333,0.299,0.294,0.299,0.336,0.334,0.334,0.299,0.265,0.281,0.276,0.270,0.281,0.273,0.298,0.278,0.341,0.279,0.269,0.333,0.274,0.272,0.294,0.269,0.298,0.272,0.300,0.273,0.297,0.283,0.276,0.295,0.278,0.294,0.265,0.338,0.304,0.268,0.304,0.281,0.303,0.345,0.283,0.283,0.284,0.276,0.268,0.302,0.336,0.302,0.284,0.276,0.304,0.298,0.278,0.292,0.279,0.277,0.276,0.292,0.297,0.280,0.285,0.280,0.276,0.277,0.263,0.275,0.304,0.280,0.337,0.282,0.284,0.274,0.292,0.260,0.338,0.284,0.273,0.285,0.280,0.292,0.281,0.332,0.274
0.352,0.292,0.368,0.344,0.290,0.284,0.295,0.297,0.337,0.287,0.287,0.284,0.281,0.279,0.296,0.277,0.340,0.270,0.296,0.292,0.284,0.343,0.280,0.290,0.346,0.291,0.332,0.342,0.288,0.297,0.287,0.344,0.293,0.337,0.293,0.280,0.296,0.289,0.296,0.336,0.289,0.337,0.289,0.296,0.292,0.332,0.335,0.344,0.279,0.360,0.336,0.335,0.333,0.345,0.292,0.277,0.280,0.296,0.333,0.290,0.283,0.280,0.340,0.350,0.335,0.289,0.279,0.291,0.334,0.339,0.281,0.293,0.286,0.355,0.335,0.291,0.283,0.293,0.338,0.295,0.276,0.294,0.335,0.276,0.274,0.342,0.340,0.288,0.279,0.295,0.344,0.280,0.294,0.350,0.293,0.289,0.332,0.355,0.335,0.332,0.294
0.306,0.347,0.349,0.364,0.358,0.339,0.366,0.372,0.367,0.359,0.344,0.368,0.336,0.359,0.346,0.328,0.356,0.367,0.358,0.338,0.348,0.331,0.354,0.356,0.337,0.347,0.362,0.368,0.337,0.368,0.357,0.367,0.341,0.335,0.360,0.338,0.362,0.354,0.348,0.329,0.358,0.358,0.347,0.340,0.373,0.365,0.344,0.357,0.347,0.358,0.362,0.371,0.355,0.325,0.338,0.350,0.357,0.363,0.368,0.365,0.345,0.341,0.358,0.365,0.346,0.350,0.346,0.339,0.359,0.356,0.360,0.354,0.354,0.363,0.327,0.341,0.357,0.357,0.346,0.340,0.367,0.340,0.359,0.329,0.346,0.359,0.330,0.356,0.363,0.360,0.340,0.343,0.360,0.356,0.365,0.334,0.334,0.343,0.339,0.346,0.333
0.290,0.302,0.311,0.297,0.304,0.314,0.312,0.345,0.348,0.313,0.302,0.310,0.316,0.348,0.360,0.312,0.309,0.292,0.281,0.358,0.358,0.353,0.314,0.349,0.345,0.296,0.304,0.310,0.283,0.345,0.309,0.285,0.314,0.310,0.355,0.297,0.273,0.295,0.314,0.310,0.297,0.314,0.302,0.282,0.300,0.359,0.316,0.303,0.295,0.314,0.316,0.348,0.291,0.295,0.312,0.285,0.288,0.346,0.312,0.301,0.298,0.293,0.291,0.285,0.297,0.351,0.310,0.295,0.299,0.312,0.309,0.274,0.349,0.311,0.309,0.350,0.290,0.294,0.352,0.300,0.298,0.295,0.293,0.311,0.350,0.300,0.313,0.312,0.309,0.345,0.347,0.351,0.346,0.357,0.287,0.304,0.297,0.295,0.314,0.309,0.365
0.342,0.277,0.267,0.337,0.329,0.284,0.282,0.280,0.328,0.348,0.273,0.280,0.275,0.284,0.275,0.320,0.334,0.284,0.280,0.326,0.278,0.276,0.284,0.319,0.323,0.328,0.326,0.338,0.336,0.328,0.338,0.261,0.317,0.319,0.330,0.329,0.331,0.338,0.333,0.280,0.282,0.279,0.285,0.334,0.282,0.325,0.277,0.342,0.266,0.326,0.336,0.278,0.279,0.276,0.336,0.282,0.338,0.334,0.326,0.317,0.280,0.326,0.284,0.332,0.280,0.277,0.324,0.279,0.271,0.338,0.325,0.327,0.275,0.346,0.335,0.282,0.340,0.321,0.321,0.318,0.283,0.320,0.280,0.268,0.318,0.283,0.323,0.284,0.351,0.330,0.339,0.285,0.317,0.280,0.326,0.281,0.336,0.350,0.283,0.319,0.332
0.368,0.344,0.364,0.345,0.326,0.346,0.335,0.329,0.344,0.350,0.346,0.325,0.335,0.348,0.336,0.361,0.347,0.319,0.334,0.344,0.353,0.318,0.328,0.337,0.349,0.359,0.357,0.326,0.348,0.347,0.340,0.350,0.333,0.338,0.357,0.350,0.308,0.344,0.329,0.361,0.354,0.339,0.354,0.335,0.354,0.347,0.352,0.324,0.347,0.332,0.336,0.338,0.338,0.336,0.344,0.346,0.332,0.338,0.345,0.358,0.336,0.356,0.329,0.332,0.347,0.349,0.331,0.329,0.364,0.345,0.332,0.349,0.358,0.357,0.326,0.334,0.332,0.346,0.328,0.334,0.334,0.325,0.357,0.340,0.337,0.358,0.325,0.349,0.359,0.352,0.366,0.336,0.338,0.344,0.345,0.332,0.352,0.335,0.335,0.324,0.359
0.315,0.372,0.365,0.354,0.381,0.364,0.365,0.378,0.377,0.366,0.376,0.371,0.356,0.361,0.363,0.394,0.365,0.376,0.361,0.371,0.357,0.374,0.363,0.363,0.366,0.360,0.387,0.381,0.379,0.382,0.381,0.366,0.355,0.339,0.391,0.364,0.363,0.354,0.381,0.366,0.373,0.370,0.372,0.374,0.371,0.370,0.366,0.370,0.372,0.370,0.356,0.370,0.377,0.361,0.356,0.377,0.364,0.355,0.364,0.365,0.359,0.375,0.365,0.361,0.373,0.355,0.379,0.361,0.370,0.376,0.377,0.364,0.373,0.371,0.375,0.383,0.358,0.358,0.370,0.375,0.382,0.382,0.373,0.373,0.355,0.390,0.366,0.380,0.380,0.371,0.354,0.388,0.364,0.380,0.353,0.370,0.349,0.359,0.343,0.371,0.359
0.299,0.359,0.354,0.362,0.350,0.362,0.358,0.355,0.369,0.353,0.363,0.356,0.361,0.363,0.352,0.352,0.357,0.361,0.364,0.358,0.351,0.350,0.350,0.354,0.365,0.363,0.350,0.362,0.358,0.354,0.350,0.352,0.350,0.372,0.360,0.352,0.370,0.358,0.357,0.357,0.355,0.364,0.353,0.355,0.353,0.363,0.352,0.360,0.358,0.369,0.361,0.358,0.359,0.358,0.364,0.354,0.359,0.365,0.354,0.362,0.371,0.357,0.356,0.359,0.351,0.353,0.351,0.354,0.357,0.302,0.365,0.351,0.361,0.364,0.356,0.283,0.358,0.350,0.351,0.353,0.282,0.349,0.367,0.355,0.359,0.353,0.358,0.350,0.355,0.365,0.369,0.359,0.357,0.353,0.356,0.367,0.367,0.364,0.362,0.371,0.354
0.290,0.354,0.363,0.337,0.283,0.344,0.350,0.335,0.334,0.333,0.345,0.349,0.345,0.347,0.339,0.337,0.337,0.337,0.346,0.356,0.361,0.338,0.335,0.333,0.353,0.358,0.333,0.353,0.353,0.333,0.337,0.346,0.338,0.339,0.335,0.280,0.336,0.336,0.333,0.348,0.335,0.332,0.343,0.335,0.338,0.346,0.350,0.348,0.342,0.346,0.356,0.349,0.338,0.334,0.349,0.349,0.342,0.347,0.351,0.286,0.353,0.336,0.273,0.343,0.285,0.334,0.340,0.334,0.280,0.335,0.286,0.333,0.339,0.343,0.277,0.343,0.351,0.356,0.350,0.345,0.342,0.354,0.340,0.345,0.351,0.340,0.347,0.334,0.359,0.335,0.280,0.281,0.340,0.282,0.340,0.336,0.350,0.342,0.286,0.346,0.337
0.287,0.327,0.270,0.336,0.275,0.334,0.326,0.272,0.325,0.329,0.326,0.280,0.278,0.332,0.330,0.342,0.330,0.336,0.329,0.277,0.273,0.336,0.331,0.323,0.338,0.335,0.333,0.272,0.327,0.333,0.329,0.327,0.336,0.343,0.335,0.340,0.333,0.272,0.330,0.327,0.326,0.351,0.342,0.275,0.276,0.338,0.332,0.332,0.323,0.336,0.334,0.328,0.331,0.330,0.327,0.279,0.331,0.331,0.339,0.326,0.278,0.325,0.337,0.328,0.323,0.325,0.262,0.354,0.325,0.328,0.323,0.340,0.330,0.277,0.348,0.338,0.328,0.333,0.330,0.349,0.328,0.337,0.325,0.330,0.275,0.339,0.334,0.275,0.275,0.354,0.328,0.330,0.353,0.279,0.331,0.335,0.353,0.334,0.326,0.353,0.333
0.351,0.271,0.303,0.281,0.315,0.285,0.281,0.294,0.275,0.305,0.294,0.301,0.295,0.292,0.312,0.303,0.295,0.293,0.278,0.295,0.276,0.269,0.295,0.272,0.311,0.282,0.292,0.282,0.293,0.301,0.304,0.283,0.282,0.259,0.311,0.283,0.293,0.304,0.320,0.274,0.282,0.283,0.271,0.291,0.285,0.280,0.291,0.294,0.292,0.283,0.299,0.296,0.283,0.284,0.275,0.285,0.278,0.291,0.290,0.276,0.297,0.277,0.273,0.283,0.283,0.347,0.273,0.276,0.309,0.318,0.285,0.314,0.294,0.285,0.273,0.285,0.290,0.291,0.301,0.308,0.318,0.299,0.279,0.274,0.296,0.279,0.285,0.290,0.279,0.306,0.266,0.305,0.349,0.292,0.284,0.291,0.296,0.293,0.280,0.302,0.278
0.285,0.361,0.366,0.354,0.363,0.362,0.357,0.361,0.362,0.359,0.345,0.344,0.343,0.373,0.346,0.357,0.346,0.341,0.358,0.354,0.361,0.359,0.375,0.359,0.334,0.361,0.357,0.328,0.354,0.362,0.364,0.346,0.368,0.355,0.356,0.356,0.338,0.343,0.340,0.348,0.358,0.363,0.330,0.332,0.357,0.362,0.339,0.341,0.343,0.345,0.370,0.355,0.357,0.339,0.363,0.356,0.354,0.344,0.357,0.327,0.347,0.345,0.345,0.356,0.340,0.349,0.356,0.377,0.355,0.365,0.370,0.333,0.356,0.338,0.358,0.329,0.368,0.359,0.358,0.359,0.344,0.367,0.362,0.339,0.366,0.344,0.354,0.355,0.371,0.343,0.359,0.346,0.375,0.356,0.370,0.373,0.335,0.364,0.355,0.347,0.341
0.360,0.266,0.300,0.298,0.292,0.278,0.272,0.281,0.292,0.316,0.292,0.293,0.299,0.303,0.269,0.266,0.270,0.280,0.291,0.288,0.278,0.293,0.294,0.282,0.272,0.274,0.259,0.323,0.269,0.280,0.298,0.275,0.295,0.297,0.310,0.299,0.267,0.290,0.302,0.298,0.289,0.295,0.312,0.291,0.302,0.293,0.290,0.281,0.270,0.314,0.303,0.276,0.264,0.298,0.283,0.298,0.292,0.289,0.282,0.301,0.278,0.268,0.275,0.281,0.296,0.282,0.273,0.276,0.283,0.290,0.358,0.306,0.298,0.300,0.305,0.293,0.268,0.281,0.278,0.283,0.296,0.292,0.275,0.250,0.306,0.299,0.294,0.305,0.282,0.291,0.278,0.295,0.280,0.289,0.295,0.283,0.280,0.275,0.278,0.308,0.276
0.400,0.357,0.366,0.363,0.320,0.356,0.366,0.350,0.367,0.351,0.379,0.363,0.365,0.348,0.364,0.375,0.367,0.355,0.358,0.364,0.356,0.315,0.373,0.364,0.378,0.367,0.375,0.363,0.367,0.368,0.369,0.372,0.371,0.314,0.351,0.358,0.367,0.368,0.348,0.377,0.368,0.355,0.302,0.316,0.353,0.353,0.372,0.373,0.370,0.356,0.375,0.309,0.305,0.318,0.363,0.363,0.353,0.354,0.363,0.357,0.373,0.365,0.319,0.355,0.363,0.354,0.371,0.350,0.351,0.357,0.367,0.371,0.374,0.349,0.362,0.318,0.370,0.366,0.362,0.312,0.351,0.367,0.364,0.368,0.348,0.371,0.364,0.353,0.354,0.371,0.371,0.370,0.317,0.370,0.378,0.377,0.354,0.364,0.357,0.365,0.319
0.329,0.421,0.408,0.396,0.405,0.406,0.408,0.414,0.410,0.402,0.396,0.405,0.404,0.397,0.412,0.392,0.421,0.394,0.398,0.410,0.393,0.411,0.402,0.403,0.398,0.397,0.405,0.397,0.407,0.393,0.403,0.404,0.388,0.394,0.397,0.396,0.398,0.394,0.402,0.412,0.389,0.403,0.387,0.394,0.387,0.405,0.396,0.397,0.397,0.390,0.404,0.403,0.393,0.405,0.409,0.402,0.402,0.391,0.406,0.396,0.390,0.398,0.409,0.405,0.388,0.415,0.406,0.403,0.403,0.395,0.415,0.405,0.404,0.402,0.405,0.393,0.403,0.398,0.382,0.397,0.392,0.395,0.405,0.394,0.389,0.409,0.414,0.408,0.413,0.398,0.411,0.413,0.396,0.393,0.402,0.379,0.415,0.407,0.405,0.414,0.408
0.305,0.371,0.376,0.370,0.372,0.385,0.378,0.376,0.368,0.371,0.377,0.374,0.371,0.370,0.386,0.378,0.370,0.371,0.378,0.368,0.376,0.369,0.378,0.372,0.383,0.377,0.377,0.368,0.381,0.367,0.375,0.375,0.377,0.373,0.371,0.368,0.369,0.372,0.374,0.371,0.375,0.380,0.373,0.374,0.372,0.373,0.367,0.371,0.376,0.373,0.372,0.376,0.375,0.376,0.383,0.376,0.376,0.384,0.368,0.371,0.369,0.368,0.376,0.375,0.371,0.370,0.369,0.369,0.373,0.370,0.368,0.380,0.376,0.373,0.380,0.380,0.377,0.368,0.367,0.368,0.369,0.370,0.380,0.368,0.367,0.369,0.369,0.367,0.383,0.372,0.370,0.376,0.368,0.374,0.375,0.385,0.378,0.369,0.370,0.376,0.373
0.355,0.359,0.357,0.348,0.346,0.353,0.347,0.345,0.342,0.352,0.351,0.369,0.346,0.352,0.355,0.353,0.345,0.352,0.345,0.348,0.359,0.350,0.350,0.360,0.355,0.349,0.357,0.348,0.349,0.346,0.357,0.349,0.345,0.360,0.353,0.358,0.345,0.348,0.352,0.349,0.345,0.355,0.361,0.350,0.343,0.351,0.353,0.351,0.352,0.367,0.348,0.348,0.346,0.348,0.343,0.344,0.353,0.343,0.350,0.367,0.360,0.360,0.351,0.345,0.362,0.342,0.353,0.358,0.350,0.363,0.343,0.356,0.347,0.346,0.347,0.350,0.346,0.343,0.348,0.346,0.364,0.357,0.345,0.347,0.352,0.348,0.353,0.344,0.365,0.373,0.359,0.344,0.346,0.353,0.344,0.344,0.352,0.348,0.348,0.348,0.358
0.285,0.332,0.343,0.345,0.371,0.348,0.352,0.366,0.377,0.377,0.349,0.368,0.379,0.375,0.341,0.371,0.375,0.368,0.376,0.360,0.367,0.346,0.364,0.366,0.353,0.328,0.362,0.371,0.364,0.360,0.361,0.367,0.352,0.351,0.361,0.374,0.353,0.351,0.376,0.365,0.342,0.371,0.362,0.369,0.346,0.376,0.363,0.353,0.374,0.364,0.331,0.364,0.371,0.371,0.372,0.371,0.367,0.368,0.351,0.364,0.382,0.346,0.338,0.347,0.349,0.364,0.371,0.353,0.353,0.372,0.364,0.364,0.347,0.364,0.371,0.349,0.348,0.346,0.367,0.379,0.363,0.342,0.360,0.368,0.367,0.363,0.370,0.364,0.365,0.367,0.364,0.373,0.375,0.348,0.369,0.353,0.345,0.361,0.345,0.375,0.367
0.357,0.293,0.280,0.308,0.275,0.280,0.276,0.281,0.276,0.283,0.297,0.306,0.308,0.297,0.292,0.299,0.308,0.277,0.304,0.295,0.295,0.294,0.292,0.298,0.297,0.310,0.279,0.273,0.269,0.276,0.289,0.279,0.300,0.266,0.261,0.294,0.304,0.295,0.292,0.296,0.289,0.277,0.298,0.268,0.291,0.291,0.282,0.298,0.293,0.276,0.265,0.281,0.290,0.296,0.300,0.298,0.277,0.281,0.302,0.303,0.295,0.301,0.294,0.311,0.325,0.282,0.297,0.261,0.295,0.266,0.309,0.300,0.260,0.274,0.302,0.288,0.295,0.293,0.289,0.319,0.296,0.296,0.273,0.304,0.303,0.256,0.293,0.289,0.278,0.310,0.279,0.294,0.272,0.276,0.300,0.292,0.271,0.289,0.299,0.275,0.280
0.359,0.362,0.361,0.373,0.350,0.370,0.363,0.372,0.366,0.355,0.367,0.367,0.369,0.354,0.314,0.359,0.368,0.322,0.373,0.318,0.361,0.351,0.353,0.366,0.314,0.360,0.374,0.374,0.364,0.360,0.288,0.295,0.359,0.351,0.294,0.364,0.364,0.360,0.354,0.322,0.371,0.365,0.355,0.321,0.317,0.363,0.366,0.359,0.321,0.318,0.366,0.322,0.362,0.380,0.365,0.321,0.322,0.322,0.350,0.362,0.366,0.322,0.374,0.375,0.378,0.315,0.375,0.320,0.321,0.367,0.350,0.360,0.355,0.322,0.351,0.377,0.352,0.369,0.317,0.360,0.361,0.363,0.355,0.364,0.368,0.350,0.369,0.351,0.299,0.374,0.312,0.365,0.350,0.353,0.369,0.369,0.363,0.353,0.378,0.374,0.310
0.308,0.373,0.303,0.363,0.369,0.316,0.354,0.310,0.357,0.376,0.361,0.355,0.308,0.369,0.364,0.303,0.367,0.364,0.318,0.349,0.311,0.350,0.369,0.354,0.349,0.371,0.354,0.318,0.367,0.371,0.368,0.369,0.373,0.354,0.365,0.362,0.371,0.368,0.369,0.367,0.369,0.366,0.353,0.354,0.364,0.375,0.356,0.352,0.356,0.370,0.357,0.376,0.318,0.368,0.366,0.370,0.355,0.317,0.375,0.308,0.354,0.365,0.311,0.318,0.318,0.364,0.313,0.311,0.371,0.368,0.365,0.302,0.310,0.319,0.316,0.364,0.355,0.364,0.351,0.303,0.316,0.362,0.373,0.367,0.356,0.364,0.362,0.361,0.351,0.357,0.355,0.357,0.314,0.322,0.351,0.355,0.374,0.379,0.369,0.366,0.366
0.375,0.351,0.341,0.352,0.357,0.353,0.355,0.358,0.359,0.351,0.358,0.352,0.343,0.356,0.357,0.342,0.342,0.351,0.353,0.355,0.357,0.343,0.348,0.362,0.346,0.306,0.347,0.343,0.358,0.341,0.345,0.341,0.350,0.351,0.344,0.348,0.348,0.356,0.341,0.358,0.347,0.341,0.344,0.359,0.348,0.351,0.344,0.358,0.345,0.344,0.342,0.348,0.345,0.342,0.351,0.341,0.343,0.341,0.291,0.347,0.356,0.351,0.343,0.346,0.346,0.356,0.352,0.351,0.277,0.349,0.346,0.343,0.343,0.344,0.347,0.348,0.346,0.352,0.349,0.354,0.343,0.352,0.345,0.346,0.346,0.357,0.371,0.344,0.302,0.349,0.348,0.356,0.341,0.341,0.374,0.360,0.370,0.360,0.357,0.346,0.357
0.329,0.356,0.388,0.386,0.380,0.371,0.370,0.385,0.364,0.383,0.378,0.372,0.373,0.393,0.366,0.381,0.367,0.378,0.368,0.371,0.378,0.378,0.370,0.368,0.369,0.378,0.370,0.378,0.372,0.391,0.379,0.379,0.384,0.377,0.367,0.378,0.382,0.384,0.388,0.387,0.368,0.381,0.378,0.360,0.400,0.379,0.380,0.393,0.379,0.386,0.395,0.363,0.401,0.378,0.370,0.372,0.379,0.385,0.386,0.373,0.390,0.370,0.385,0.379,0.382,0.400,0.365,0.370,0.382,0.380,0.367,0.365,0.381,0.380,0.360,0.382,0.380,0.377,0.372,0.368,0.378,0.380,0.351,0.369,0.383,0.383,0.368,0.369,0.370,0.380,0.370,0.371,0.386,0.371,0.369,0.372,0.386,0.369,0.372,0.385,0.369
0.398,0.366,0.366,0.371,0.303,0.379,0.367,0.368,0.374,0.374,0.363,0.365,0.363,0.363,0.367,0.387,0.363,0.372,0.368,0.363,0.366,0.375,0.368,0.365,0.372,0.381,0.381,0.363,0.364,0.366,0.373,0.366,0.369,0.386,0.383,0.363,0.379,0.366,0.366,0.363,0.374,0.371,0.369,0.374,0.369,0.375,0.370,0.365,0.385,0.375,0.314,0.364,0.381,0.363,0.374,0.381,0.370,0.375,0.363,0.364,0.366,0.325,0.369,0.373,0.368,0.383,0.384,0.368,0.367,0.367,0.367,0.310,0.372,0.371,0.315,0.365,0.375,0.372,0.373,0.310,0.370,0.321,0.376,0.373,0.374,0.320,0.374,0.371,0.372,0.371,0.368,0.372,0.368,0.321,0.374,0.377,0.366,0.371,0.366,0.372,0.373
0.428,0.406,0.402,0.401,0.405,0.411,0.396,0.404,0.400,0.391,0.396,0.407,0.396,0.402,0.406,0.400,0.390,0.381,0.405,0.393,0.394,0.407,0.395,0.396,0.402,0.372,0.410,0.392,0.402,0.400,0.386,0.394,0.410,0.402,0.408,0.423,0.402,0.395,0.392,0.403,0.393,0.414,0.393,0.392,0.400,0.400,0.387,0.392,0.400,0.394,0.412,0.405,0.402,0.394,0.386,0.405,0.389,0.389,0.406,0.387,0.385,0.409,0.391,0.394,0.407,0.408,0.379,0.390,0.401,0.404,0.411,0.403,0.396,0.388,0.422,0.404,0.407,0.411,0.392,0.389,0.413,0.396,0.391,0.392,0.410,0.405,0.391,0.383,0.393,0.389,0.401,0.415,0.406,0.384,0.392,0.400,0.409,0.407,0.416,0.390,0.405
0.440,0.421,0.437,0.417,0.426,0.423,0.433,0.418,0.424,0.423,0.433,0.423,0.419,0.434,0.420,0.421,0.434,0.415,0.431,0.433,0.420,0.441,0.430,0.413,0.421,0.435,0.430,0.412,0.433,0.417,0.421,0.440,0.417,0.425,0.430,0.420,0.434,0.421,0.430,0.432,0.430,0.426,0.424,0.417,0.424,0.426,0.418,0.430,0.444,0.415,0.424,0.425,0.438,0.432,0.435,0.438,0.435,0.425,0.434,0.420,0.437,0.423,0.423,0.430,0.443,0.436,0.442,0.425,0.431,0.420,0.421,0.424,0.414,0.440,0.420,0.435,0.434,0.431,0.425,0.431,0.425,0.426,0.431,0.431,0.430,0.418,0.411,0.436,0.424,0.418,0.426,0.420,0.423,0.425,0.449,0.415,0.420,0.418,0.426,0.424,0.431
0.444,0.428,0.428,0.421,0.430,0.428,0.444,0.444,0.423,0.428,0.447,0.449,0.437,0.442,0.435,0.455,0.436,0.438,0.443,0.443,0.458,0.432,0.428,0.437,0.444,0.443,0.453,0.444,0.424,0.442,0.431,0.427,0.454,0.437,0.438,0.437,0.444,0.437,0.449,0.457,0.449,0.435,0.436,0.428,0.442,0.448,0.447,0.448,0.449,0.443,0.443,0.433,0.436,0.443,0.446,0.430,0.443,0.445,0.445,0.453,0.437,0.448,0.448,0.444,0.436,0.454,0.432,0.444,0.451,0.447,0.447,0.420,0.438,0.446,0.444,0.444,0.445,0.442,0.447,0.436,0.449,0.448,0.449,0.462,0.436,0.427,0.454,0.448,0.443,0.434,0.444,0.452,0.430,0.463,0.430,0.434,0.446,0.432,0.426,0.445,0.442
0.367,0.437,0.434,0.440,0.448,0.446,0.450,0.448,0.437,0.433,0.447,0.446,0.450,0.438,0.451,0.434,0.452,0.442,0.458,0.454,0.460,0.448,0.455,0.449,0.451,0.441,0.456,0.439,0.452,0.432,0.446,0.449,0.446,0.446,0.434,0.442,0.431,0.450,0.447,0.438,0.452,0.470,0.452,0.449,0.435,0.450,0.436,0.450,0.442,0.446,0.437,0.446,0.441,0.459,0.440,0.461,0.456,0.438,0.457,0.456,0.452,0.446,0.440,0.440,0.436,0.427,0.452,0.438,0.442,0.456,0.439,0.424,0.436,0.436,0.451,0.432,0.449,0.457,0.448,0.447,0.447,0.454,0.442,0.438,0.449,0.448,0.442,0.431,0.442,0.455,0.447,0.440,0.449,0.440,0.459,0.448,0.448,0.455,0.448,0.447,0.439
0.364,0.413,0.409,0.413,0.410,0.408,0.410,0.409,0.409,0.408,0.407,0.406,0.413,0.406,0.410,0.411,0.410,0.406,0.405,0.414,0.412,0.409,0.408,0.407,0.408,0.408,0.423,0.406,0.411,0.407,0.405,0.407,0.418,0.417,0.413,0.405,0.417,0.420,0.410,0.408,0.410,0.405,0.408,0.408,0.413,0.410,0.405,0.410,0.418,0.416,0.408,0.415,0.412,0.408,0.407,0.413,0.409,0.411,0.412,0.420,0.413,0.413,0.420,0.410,0.406,0.421,0.417,0.408,0.405,0.405,0.406,0.408,0.405,0.406,0.410,0.407,0.410,0.405,0.418,0.414,0.415,0.410,0.410,0.405,0.412,0.414,0.405,0.405,0.406,0.412,0.409,0.407,0.408,0.409,0.410,0.415,0.406,0.409,0.413,0.413,0.417
0.426,0.412,0.402,0.411,0.406,0.412,0.407,0.416,0.417,0.405,0.417,0.403,0.407,0.409,0.411,0.406,0.413,0.404,0.402,0.404,0.406,0.406,0.407,0.404,0.405,0.408,0.407,0.414,0.413,0.412,0.409,0.402,0.411,0.404,0.408,0.416,0.405,0.403,0.420,0.406,0.413,0.410,0.404,0.408,0.402,0.402,0.405,0.405,0.403,0.404,0.412,0.414,0.415,0.413,0.405,0.411,0.402,0.402,0.405,0.405,0.416,0.407,0.408,0.407,0.413,0.410,0.402,0.416,0.406,0.411,0.404,0.405,0.408,0.411,0.407,0.406,0.412,0.403,0.417,0.404,0.406,0.402,0.403,0.406,0.402,0.409,0.404,0.409,0.402,0.405,0.403,0.416,0.405,0.408,0.405,0.411,0.405,0.408,0.416,0.411,0.409
0.443,0.430,0.431,0.441,0.438,0.439,0.433,0.434,0.416,0.417,0.420,0.421,0.430,0.420,0.433,0.440,0.435,0.421,0.434,0.418,0.424,0.421,0.422,0.431,0.432,0.430,0.422,0.442,0.419,0.419,0.419,0.423,0.421,0.421,0.445,0.442,0.443,0.436,0.433,0.417,0.419,0.429,0.432,0.423,0.421,0.432,0.433,0.439,0.436,0.432,0.424,0.417,0.431,0.440,0.436,0.421,0.436,0.439,0.438,0.419,0.431,0.434,0.435,0.424,0.423,0.441,0.434,0.439,0.423,0.424,0.433,0.436,0.430,0.424,0.437,0.416,0.419,0.435,0.430,0.431,0.423,0.421,0.430,0.430,0.430,0.421,0.433,0.432,0.445,0.432,0.423,0.430,0.430,0.434,0.434,0.452,0.422,0.413,0.419,0.431,0.419
