0.000,0.000
0.000,-0.027
-0.941,-0.425
-0.604,0.014
-0.318,0.092
-0.003,0.173
0.707,0.355
0.707,0.203
0.557,0.035
0.376,-0.048
0.415,0.168
0.415,0.121
0.415,-0.003
0.415,0.044
-0.346,-0.244
-0.346,-0.183
-0.398,-0.257
-0.390,-0.052
0.278,0.199
0.662,0.339
0.928,0.421
0.928,0.257
0.928,0.271
0.120,-0.140
0.120,-0.102
0.111,-0.142
0.111,-0.125
-0.488,-0.289
-1.334,-0.551
-1.331,-0.341
-1.296,-0.258
-1.035,-0.053
-1.065,-0.274
-1.065,-0.076
-1.676,-0.659
-1.676,-0.649
-1.704,-0.668
-1.704,-0.549
-2.540,-0.933
-2.898,-1.047
-2.898,-1.041
-2.898,-0.916
-2.858,-0.601
-2.858,-0.729
-3.031,-1.091
-4.004,-1.401
-5.124,-1.757
-5.117,-1.356
-5.030,-0.929
-5.028,-0.925
-4.968,-0.810
-4.642,-0.486
-4.675,-0.865
-4.692,-0.926
-4.888,-1.386
-4.886,-1.143
-4.886,-1.210
-4.886,-1.155
-4.934,-1.472
-4.934,-1.316
-4.919,-1.052
-4.937,-1.479
-4.937,-1.354
-4.937,-1.464
-4.937,-1.425
-4.937,-1.414
-4.937,-1.322
-4.923,-1.060
-4.923,-1.165
-4.932,-1.402
-4.932,-1.254
-4.925,-1.090
-4.932,-1.397
-4.932,-1.249
-4.932,-1.323
-4.931,-1.186
-4.858,-0.787
-4.858,-0.813
-4.858,-0.805
-4.752,-0.603
-4.752,-0.617
-4.752,-0.805
-4.752,-0.737
-4.758,-0.844
-4.758,-0.787
-4.796,-1.066
-4.824,-1.201
-4.824,-1.004
-4.815,-0.895
-4.794,-0.752
-4.794,-0.799
-4.803,-1.030
-4.803,-0.934
-4.803,-0.924
-4.786,-0.719
-4.786,-0.841
-4.768,-0.654
-4.435,-0.366
-4.435,-0.389
-4.415,-0.356
-3.809,-0.144
-3.809,-0.192
-4.105,-0.774
-4.084,-0.471
-4.084,-0.565
-4.084,-0.669
-4.155,-0.821
-4.135,-0.510
-4.127,-0.475
-4.055,-0.329
-3.963,-0.226
-3.963,-0.291
-3.810,-0.144
-3.685,-0.114
-2.414,0.103
-2.414,-0.094
-2.462,-0.115
-2.462,-0.094
-2.608,-0.171
-2.608,-0.064
-1.629,0.211
-1.856,-0.083
-1.986,-0.131
-2.759,-0.432
-3.044,-0.562
-3.404,-0.741
-3.404,-0.689
-3.821,-0.968
-4.038,-1.088
-4.038,-1.041
-4.142,-1.151
-4.142,-1.093
-4.142,-1.002
-4.139,-0.916
-4.088,-0.631
-4.088,-0.735
-4.299,-1.244
-4.316,-1.254
-4.559,-1.406
-5.256,-1.799
-5.254,-1.554
-5.210,-1.122
-5.210,-1.247
-5.210,-1.189
-5.210,-1.270
-5.217,-1.447
-5.215,-1.214
-5.215,-1.216
-5.192,-1.048
-5.192,-1.142
-5.203,-1.435
-5.203,-1.368
-5.195,-1.097
-5.171,-0.982
-5.171,-1.083
-5.171,-1.034
-5.172,-1.195
-5.180,-1.302
-5.180,-1.107
-5.132,-0.898
-5.132,-0.955
-5.132,-0.985
-4.881,-0.583
-4.904,-0.936
-4.904,-0.898
-4.950,-1.151
-4.950,-0.958
-4.939,-0.832
-4.941,-1.049
-4.966,-1.205
-5.060,-1.433
-5.164,-1.637
-5.214,-1.724
-5.216,-1.729
-5.214,-1.467
-5.233,-1.760
-5.427,-1.852
-5.427,-1.842
-5.427,-1.816
-5.750,-1.953
-5.750,-1.767
-5.750,-1.952
-5.749,-1.710
-5.749,-1.720
-5.739,-1.499
-5.738,-1.480
-5.741,-1.788
-5.741,-1.618
-5.734,-1.443
-5.666,-1.095
-5.565,-0.885
-5.565,-0.918
-5.565,-0.913
-5.565,-0.990
-5.525,-0.827
-5.496,-0.788
-5.273,-0.580
-5.273,-0.690
-5.231,-0.549
-5.231,-0.592
-5.252,-0.877
-5.348,-1.228
-5.348,-1.061
-5.348,-1.111
-5.337,-0.888
-5.424,-1.401
-5.424,-1.258
-5.423,-1.188
-5.423,-1.236
-5.423,-1.251
-5.423,-1.292
-5.423,-1.194
-5.449,-1.449
-5.449,-1.266
-5.449,-1.305
-5.503,-1.558
-5.499,-1.272
-5.496,-1.209
-5.496,-1.348
-5.496,-1.235
-5.497,-1.431
-5.500,-1.481
-5.512,-1.571
-5.512,-1.547
-5.642,-1.785
-5.995,-2.029
-7.179,-2.399
-7.179,-2.334
-7.600,-2.532
-7.599,-2.275
-7.598,-2.168
-7.596,-2.110
-7.596,-2.297
-7.787,-2.591
-8.100,-2.691
-8.701,-2.883
-8.701,-2.669
-8.701,-2.724
-8.701,-2.730
-8.787,-2.910
-8.938,-2.958
-8.934,-2.508
-8.910,-2.134
-8.908,-2.124
-8.862,-1.855
-8.508,-1.147
-8.082,-0.800
-6.928,-0.318
-6.928,-0.424
-6.942,-0.554
-7.123,-0.986
-7.122,-0.776
-7.122,-0.935
-7.112,-0.697
-7.098,-0.603
-7.111,-0.892
-7.254,-1.181
-7.326,-1.279
-7.328,-1.283
-7.328,-1.221
-7.324,-1.032
-7.324,-1.021
-7.316,-0.927
-7.316,-1.084
-7.493,-1.488
-7.639,-1.657
-7.639,-1.447
-7.635,-1.361
-7.573,-0.946
-7.573,-1.047
-7.581,-1.238
-7.586,-1.315
-7.586,-1.157
-7.580,-1.022
-7.511,-0.797
-7.529,-1.189
-7.529,-1.099
-7.536,-1.230
-7.536,-1.082
-7.536,-1.113
-7.539,-1.248
-7.544,-1.277
-7.579,-1.456
-7.699,-1.730
-7.961,-2.009
-7.961,-1.970
-7.961,-1.846
-7.961,-1.955
-8.018,-2.070
-8.005,-1.556
-8.005,-1.620
-8.005,-1.766
-8.005,-1.658
-8.002,-1.520
-8.002,-1.597
-8.002,-1.653
-8.001,-1.514
-7.963,-1.267
-7.669,-0.748
-7.695,-1.175
-7.742,-1.404
-7.742,-1.213
-7.760,-1.465
-7.908,-1.846
-7.908,-1.690
-7.907,-1.621
-7.906,-1.581
-7.906,-1.722
-7.906,-1.670
-7.905,-1.558
-7.905,-1.603
-7.880,-1.246
-7.873,-1.210
-7.876,-1.473
-7.876,-1.446
-7.835,-1.046
-7.798,-0.959
-7.827,-1.471
-7.841,-1.571
-7.828,-1.151
-7.806,-0.998
-7.806,-1.143
-7.806,-1.163
-7.806,-1.108
-7.808,-1.221
-7.810,-1.246
-7.810,-1.239
-7.817,-1.351
-7.817,-1.174
-7.801,-0.968
-7.731,-0.830
-7.741,-1.129
-7.744,-1.174
-7.744,-1.100
-7.743,-0.951
-7.760,-1.298
-7.760,-1.277
-7.757,-1.046
-7.758,-1.270
-7.764,-1.320
-7.809,-1.540
-7.809,-1.341
-7.777,-0.990
-7.777,-1.000
-7.606,-0.688
-7.609,-0.910
-7.609,-0.846
-7.614,-0.950
-7.612,-0.735
-7.523,-0.623
-7.347,-0.508
-7.347,-0.705
-7.355,-0.750
-7.380,-0.905
-7.380,-0.896
-7.391,-0.941
-7.435,-1.104
-7.476,-1.191
-7.476,-1.017
-7.489,-1.221
-7.567,-1.380
-7.563,-1.121
-7.556,-1.022
-7.538,-0.893
-7.532,-0.862
-7.532,-1.016
-7.536,-1.103
-7.536,-1.081
-7.539,-1.142
-7.539,-1.077
-7.541,-1.164
-7.610,-1.461
-7.610,-1.430
-7.707,-1.620
-7.713,-1.629
-7.876,-1.876
-7.876,-1.789
-7.876,-1.850
-7.876,-1.727
-7.873,-1.584
-7.873,-1.682
-7.860,-1.378
-7.839,-1.224
-7.720,-0.882
-7.586,-0.704
-7.481,-0.607
-7.227,-0.444
-6.814,-0.286
-6.695,-0.255
-6.372,-0.178
-6.372,-0.182
-6.451,-0.527
-6.597,-0.769
-6.573,-0.455
-6.561,-0.412
-6.571,-0.646
-6.571,-0.542
-6.594,-0.754
-6.585,-0.508
-6.587,-0.719
-6.588,-0.721
-6.588,-0.723
-6.588,-0.568
-6.567,-0.432
-6.536,-0.350
-5.556,-0.031
-5.556,-0.219
-4.599,0.095
-3.435,0.234
-3.435,0.054
-3.215,0.262
-3.215,0.187
-3.625,-0.117
-4.189,-0.295
-4.189,-0.231
-4.189,-0.242
-4.126,-0.050
-3.705,0.121
-3.398,0.203
-2.535,0.353
-1.077,0.573
-0.526,0.664
-0.568,0.326
-0.553,0.568
-0.553,0.440
-0.553,0.567
-0.532,0.638
-0.532,0.466
-0.532,0.610
-0.532,0.589
0.703,0.882
0.703,0.789
0.703,0.683
0.703,0.866
0.685,0.569
0.685,0.627
1.345,1.005
2.178,1.174
2.178,1.146
2.552,1.253
2.552,1.158
2.552,1.240
2.562,1.255
2.562,1.131
2.683,1.281
2.683,1.280
3.560,1.478
4.397,1.678
5.815,2.040
5.815,1.994
5.815,1.981
5.815,1.950
5.937,2.073
6.282,2.166
6.567,2.247
6.565,1.896
6.565,2.052
6.755,2.299
6.974,2.362
6.974,2.239
6.974,2.205
7.515,2.520
8.043,2.679
8.805,2.916
8.805,2.893
8.805,2.887
9.113,3.014
9.113,2.803
9.113,2.751
9.109,2.539
9.107,2.510
9.061,2.010
9.019,1.814
8.995,1.733
8.921,1.540
8.921,1.691
8.925,1.872
8.925,1.682
8.885,1.467
8.885,1.517
8.896,1.926
8.923,2.212
8.923,2.146
8.925,2.225
8.925,2.086
8.925,2.215
8.944,2.343
8.944,2.267
8.944,2.242
8.946,2.355
8.946,2.304
8.972,2.495
8.972,2.316
8.990,2.574
8.988,2.227
8.988,2.286
8.988,2.415
8.990,2.543
9.035,2.757
9.035,2.511
9.076,2.903
9.076,2.795
9.076,2.874
9.075,2.600
9.073,2.464
9.071,2.416
9.064,2.273
9.064,2.475
9.064,2.469
9.056,2.166
9.056,2.185
9.055,2.161
9.033,1.982
9.033,2.043
9.033,2.147
9.038,2.405
9.042,2.483
9.051,2.645
9.085,2.930
9.110,3.005
9.110,2.869
9.110,2.902
9.110,2.973
9.110,2.832
9.110,2.768
9.110,2.929
9.406,3.108
9.406,2.912
9.406,2.847
9.752,3.218
10.150,3.345
10.192,3.359
10.192,3.191
10.324,3.401
10.323,3.040
10.322,2.971
10.322,2.997
10.318,2.856
10.317,2.813
10.298,2.532
10.291,2.465
10.289,2.441
10.216,2.043
10.208,2.008
10.209,2.268
10.209,2.211
10.148,1.836
10.026,1.587
10.015,1.571
10.019,1.878
10.028,2.074
10.027,1.839
9.895,1.401
9.895,1.443
9.885,1.390
9.528,1.054
9.530,1.271
9.560,1.619
9.560,1.496
9.561,1.634
9.621,1.925
9.671,2.101
9.671,2.084
9.691,2.160
9.691,2.007
9.694,2.171
9.694,1.940
9.694,2.099
9.694,1.945
9.694,2.000
9.694,1.980
9.692,1.869
9.687,1.727
9.687,1.793
9.687,1.845
9.687,1.933
9.693,2.158
9.693,2.077
9.693,2.089
9.693,1.969
9.687,1.727
9.688,1.978
9.687,1.749
9.676,1.575
9.676,1.590
9.674,1.561
9.611,1.253
9.558,1.114
9.558,1.152
9.558,1.264
9.532,1.060
8.840,0.662
8.753,0.624
8.144,0.407
8.144,0.492
7.762,0.301
6.958,0.127
6.576,0.063
6.576,0.112
6.576,0.191
6.686,0.360
6.746,0.450
6.027,-0.015
3.903,-0.265
3.903,-0.203
3.246,-0.349
2.352,-0.473
1.670,-0.575
1.303,-0.632
1.303,-0.437
1.303,-0.629
0.676,-0.733
0.619,-0.742
-0.195,-0.882
-0.667,-0.968
-0.667,-0.850
-0.665,-0.751
-0.665,-0.842
-0.665,-0.806
-0.664,-0.751
-0.664,-0.750
-0.664,-0.748
-0.588,-0.453
-0.588,-0.651
-0.598,-0.695
-0.600,-0.702
-0.616,-0.787
-1.157,-1.060
-1.157,-0.942
-1.149,-0.792
-1.050,-0.452
-0.775,-0.228
0.540,0.104
0.321,-0.180
-0.036,-0.368
-0.007,-0.136
-0.007,-0.136
-0.007,-0.271
-0.007,-0.213
0.071,-0.070
-0.191,-0.467
-0.291,-0.526
-0.460,-0.619
-1.082,-1.009
-2.530,-1.335
-2.783,-1.388
-3.493,-1.543
-3.808,-1.614
-4.192,-1.703
-5.229,-1.953
-5.229,-1.877
-5.229,-1.834
-5.229,-1.793
-5.229,-1.880
-5.229,-1.860
-5.229,-1.842
-5.229,-1.835
-5.229,-1.933
-5.229,-1.879
-5.229,-1.784
-5.229,-1.817
-5.221,-1.530
-5.225,-1.870
-5.225,-1.786
-5.224,-1.639
-5.212,-1.426
-5.199,-1.323
-5.131,-1.059
-5.094,-0.972
-4.567,-0.464
-4.390,-0.375
-4.390,-0.537
-4.392,-0.580
-4.392,-0.494
-4.392,-0.548
-4.392,-0.577
-4.455,-0.811
-4.455,-0.805
-4.455,-0.656
-4.455,-0.688
-4.455,-0.806
-4.458,-0.819
-4.437,-0.504
-4.419,-0.429
-4.419,-0.560
-4.419,-0.583
-4.502,-0.937
-4.648,-1.201
-4.645,-0.967
-4.645,-1.122
-4.645,-0.967
-4.597,-0.673
-4.529,-0.529
-4.530,-0.733
-4.530,-0.710
-4.530,-0.734
-4.546,-0.820
-4.553,-0.868
-4.553,-0.750
-4.536,-0.564
-4.536,-0.667
-4.556,-0.887
-4.572,-0.963
-4.572,-0.938
-4.604,-1.085
-4.611,-1.115
-4.617,-1.135
-4.617,-1.068
-4.617,-0.934
-4.607,-0.825
-4.607,-0.993
-4.629,-1.159
-4.670,-1.230
-4.716,-1.297
-4.716,-1.193
-4.716,-1.099
-4.716,-1.112
-4.895,-1.545
-4.895,-1.466
-4.905,-1.561
-4.924,-1.585
-5.125,-1.829
-5.141,-1.847
-5.141,-1.780
-5.401,-1.996
-5.576,-2.040
-5.576,-2.007
-6.098,-2.175
-6.098,-2.095
-6.098,-2.071
-6.852,-2.375
-6.852,-2.364
-6.852,-2.207
-6.852,-2.255
-7.458,-2.542
-8.726,-2.908
-9.419,-3.117
-9.954,-3.283
-10.726,-3.529
-10.726,-3.430
-11.144,-3.663
-11.140,-3.134
-11.140,-3.357
-11.140,-3.336
-11.141,-3.497
-11.143,-3.621
-12.010,-3.942
-12.010,-3.733
-12.010,-3.893
-12.010,-3.872
-12.009,-3.664
-12.167,-3.992
-12.167,-3.856
-12.191,-4.000
-12.188,-3.518
-12.188,-3.768
-12.188,-3.840
-12.188,-3.759
-12.189,-3.933
-12.460,-4.086
-12.460,-3.728
-12.458,-3.633
-12.457,-3.576
-12.457,-3.868
-12.457,-3.636
-12.457,-3.722
-12.453,-3.440
-12.436,-3.128
-12.436,-3.224
-12.436,-3.316
-12.436,-3.296
-12.436,-3.306
-12.437,-3.521
-12.440,-3.619
-12.440,-3.420
-12.440,-3.497
-12.440,-3.451
-12.440,-3.467
-12.439,-3.331
-12.439,-3.328
-12.438,-3.206
-12.438,-3.184
-12.436,-3.131
-12.437,-3.370
-12.439,-3.574
-12.444,-3.774
-12.451,-3.933
-12.989,-4.254
-13.537,-4.430
-13.537,-4.377
-13.537,-4.245
-13.537,-4.124
-13.537,-4.291
-13.537,-4.140
-13.537,-4.242
-13.537,-4.274
-13.537,-4.374
-14.360,-4.695
-14.547,-4.755
-14.595,-4.771
-15.094,-4.932
-15.094,-4.820
-15.094,-4.772
-15.094,-4.791
-15.795,-5.159
-15.795,-5.053
-15.794,-4.728
-15.794,-4.998
-16.087,-5.255
-16.087,-5.175
-16.087,-5.071
-16.087,-5.091
-16.086,-4.797
-16.086,-4.889
-16.086,-5.124
-16.086,-4.875
-16.086,-4.853
-16.080,-4.516
-16.076,-4.394
-16.077,-4.657
-16.077,-4.742
-16.080,-4.996
-16.083,-5.128
-16.086,-5.226
-16.086,-4.882
-16.086,-4.860
-16.084,-4.716
-16.073,-4.307
-16.073,-4.356
-16.058,-4.048
-16.049,-3.934
-16.049,-4.085
-16.049,-4.119
-16.049,-4.197
-16.050,-4.371
-16.057,-4.660
-16.057,-4.557
-16.057,-4.637
-16.057,-4.622
-16.057,-4.418
-16.057,-4.447
-16.058,-4.691
-16.058,-4.636
-16.060,-4.768
-16.060,-4.622
-16.060,-4.521
-16.060,-4.382
-16.060,-4.582
-16.060,-4.493
-16.060,-4.545
-16.058,-4.286
-16.052,-4.023
-16.052,-4.031
-16.049,-3.932
-16.049,-3.949
-16.019,-3.664
-15.986,-3.456
-15.974,-3.400
-15.872,-3.012
-15.743,-2.686
-15.666,-2.537
-15.666,-2.557
-15.382,-2.131
-15.382,-2.352
-15.382,-2.319
-15.156,-1.892
-15.004,-1.758
-14.918,-1.688
-14.802,-1.601
-14.806,-1.943
-14.806,-1.949
-14.803,-1.642
-14.813,-2.083
-14.829,-2.288
-14.829,-2.225
-14.829,-2.063
-14.829,-2.270
-14.843,-2.417
-14.843,-2.352
-14.842,-2.135
-14.842,-2.311
-14.839,-1.996
-14.840,-2.274
-14.864,-2.543
-14.870,-2.584
-14.870,-2.561
-14.870,-2.370
-14.869,-2.255
-14.867,-2.180
-14.865,-2.124
-14.865,-2.184
-14.866,-2.442
-14.854,-1.954
-14.824,-1.710
-14.252,-1.262
-14.254,-1.515
-14.259,-1.612
-14.259,-1.615
-14.254,-1.299
-14.190,-1.230
-14.190,-1.305
-14.190,-1.310
-13.560,-0.944
-12.979,-0.732
-12.133,-0.486
-12.133,-0.588
-11.470,-0.331
-11.356,-0.307
-11.356,-0.408
-11.356,-0.409
-11.356,-0.486
-10.411,-0.136
-10.411,-0.237
-10.411,-0.166
-10.220,-0.106
-8.768,0.073
-7.686,0.185
-7.686,0.110
-7.686,0.081
-4.387,0.580
-4.387,0.490
-4.387,0.564
-4.456,0.220
-4.456,0.221
-4.482,0.181
-4.441,0.447
-4.398,0.547
-4.554,0.133
-4.898,-0.011
-5.630,-0.166
-6.061,-0.259
-6.061,-0.109
-6.061,-0.126
-6.061,-0.177
-5.260,0.236
-5.044,0.317
-4.479,0.544
-3.679,0.679
-2.161,0.905
-2.170,0.640
-2.170,0.663
-2.192,0.520
-2.496,0.186
-2.827,0.060
-2.702,0.374
-2.702,0.225
-2.743,0.128
-2.743,0.242
-2.681,0.404
-2.426,0.679
-1.823,0.958
-1.864,0.531
-1.835,0.906
-1.556,1.001
-0.055,1.253
-0.058,1.005
-0.058,1.123
0.402,1.334
0.402,1.277
0.402,1.306
0.443,1.342
0.440,1.087
0.425,0.922
0.396,0.776
0.272,0.534
0.272,0.618
0.290,0.838
0.311,0.958
0.374,1.172
0.384,1.195
1.100,1.461
1.991,1.629
2.333,1.696
3.248,1.879
3.248,1.870
3.248,1.805
3.245,1.579
3.237,1.438
3.233,1.387
3.233,1.417
3.235,1.637
3.235,1.552
3.235,1.571
3.240,1.793
3.240,1.631
3.240,1.704
3.240,1.778
3.577,1.947
3.575,1.671
3.564,1.468
3.564,1.528
3.569,1.828
3.569,1.659
3.488,1.080
3.427,0.938
3.427,1.135
3.259,0.714
3.259,0.729
3.290,1.157
3.290,1.042
3.319,1.317
3.374,1.497
3.374,1.409
3.372,1.251
3.372,1.388
3.372,1.350
3.373,1.462
3.373,1.366
3.368,1.171
3.368,1.317
3.368,1.173
3.368,1.201
3.368,1.355
3.378,1.510
3.382,1.522
3.382,1.442
3.398,1.556
3.394,1.267
3.394,1.400
3.394,1.474
3.394,1.361
3.394,1.426
3.395,1.488
3.362,0.983
3.362,1.012
3.373,1.339
3.381,1.421
3.422,1.612
3.503,1.795
3.635,1.959
4.283,2.095
5.972,2.470
6.279,2.541
6.277,2.208
6.258,1.867
6.251,1.803
6.254,2.105
6.254,2.042
6.253,1.865
6.207,1.554
6.202,1.535
6.183,1.474
6.183,1.536
6.183,1.670
6.188,1.818
6.188,1.807
6.189,1.836
6.202,2.046
7.151,2.745
7.582,2.848
7.582,2.770
8.637,3.108
8.635,2.757
8.635,2.729
8.633,2.640
8.632,2.611
8.632,2.762
8.632,2.816
8.633,2.992
8.634,3.039
8.634,2.760
8.627,2.500
8.627,2.711
8.627,2.703
8.627,2.697
8.635,3.064
9.224,3.257
10.818,3.678
10.822,3.679
11.698,3.923
11.698,3.770
11.698,3.773
11.698,3.594
11.698,3.623
11.698,3.878
11.698,3.781
11.698,3.726
11.698,3.791
11.698,3.808
13.317,4.392
13.317,4.220
13.317,4.307
13.317,4.313
13.902,4.567
13.902,4.417
14.473,4.741
16.162,5.280
16.162,5.270
16.190,5.290
16.189,4.910
16.189,4.884
16.188,4.791
16.180,4.452
16.165,4.152
16.163,4.110
16.135,3.808
16.135,3.856
16.135,3.828
16.135,3.914
16.131,3.775
16.132,4.050
16.132,3.833
16.132,4.116
16.139,4.468
16.141,4.536
16.141,4.334
16.140,4.127
16.140,4.143
16.140,4.310
16.140,4.295
16.140,4.189
16.140,4.280
16.132,3.795
16.132,3.779
16.132,3.911
16.132,3.893
16.132,3.838
16.113,3.639
16.107,3.597
16.104,3.582
16.106,4.031
16.112,4.270
16.112,4.038
16.112,3.937
16.108,3.696
16.108,3.699
16.108,3.840
16.108,3.932
16.108,3.710
16.108,3.679
16.108,3.749
16.109,4.119
16.109,4.062
16.110,4.149
16.114,4.327
16.119,4.440
16.119,4.303
16.119,4.149
16.119,4.143
16.115,3.869
16.107,3.635
16.107,3.640
16.108,3.874
16.111,4.149
16.111,4.133
16.111,3.959
16.111,3.974
16.116,4.348
16.116,4.161
16.111,3.752
16.111,3.784
16.111,3.806
16.111,3.969
16.116,4.348
16.126,4.589
16.146,4.871
16.146,4.609
16.140,4.198
16.140,4.334
16.140,4.224
16.139,4.138
16.139,4.383
16.139,4.506
16.139,4.344
16.130,3.925
16.130,4.114
16.121,3.779
16.105,3.591
16.099,3.551
16.099,3.703
16.100,3.779
16.100,3.709
16.100,3.945
16.102,4.019
16.104,4.108
16.109,4.292
16.109,4.151
16.109,4.237
16.109,4.284
16.109,4.226
16.111,4.357
16.114,4.415
16.114,4.019
16.114,4.216
16.114,4.371
16.114,4.358
16.115,4.436
16.140,4.822
16.141,4.828
16.141,4.724
16.140,4.443
16.139,4.340
16.137,4.273
16.138,4.651
16.140,4.757
16.161,5.042
16.161,4.948
16.164,5.073
16.164,4.891
16.164,5.015
16.180,5.217
16.180,5.200
16.180,4.915
16.180,5.043
16.180,5.032
16.180,4.949
16.180,4.887
16.180,5.060
16.180,5.024
16.180,4.959
16.180,4.909
16.180,5.070
16.354,5.345
16.354,5.300
16.354,5.178
16.354,5.307
16.653,5.447
16.652,5.036
16.652,5.026
16.650,4.931
16.651,5.274
16.651,5.302
16.963,5.556
16.963,5.342
17.024,5.577
17.024,5.523
17.024,5.545
17.024,5.292
17.023,5.115
17.023,5.210
17.022,5.081
17.019,4.899
17.019,5.165
17.019,5.074
17.019,4.908
17.019,4.902
17.021,5.367
17.115,5.610
17.115,5.603
17.115,5.439
17.937,5.910
17.937,5.793
18.073,5.962
18.678,6.196
18.678,6.075
18.678,6.052
18.678,6.115
18.678,6.153
19.119,6.373
19.226,6.417
19.226,6.021
19.226,6.240
19.226,5.971
19.217,5.485
19.214,5.392
19.211,5.299
19.198,5.049
19.173,4.734
19.167,4.674
19.167,4.710
19.159,4.600
19.159,4.772
19.159,4.688
19.159,4.911
19.159,4.730
19.157,4.584
19.157,4.753
19.157,4.831
19.157,4.660
19.157,4.774
19.132,4.402
19.115,4.295
19.115,4.332
19.115,4.302
19.110,4.264
19.110,4.494
19.112,4.793
19.112,4.732
19.115,4.914
19.115,4.938
19.115,4.789
19.115,4.837
19.115,4.842
19.115,4.784
19.115,4.574
19.115,4.905
19.115,4.847
19.115,4.914
19.115,4.769
19.115,4.815
19.115,4.566
19.115,4.584
19.115,4.727
19.115,4.911
19.121,5.120
19.121,5.015
19.121,5.058
19.120,4.794
19.120,4.744
19.116,4.475
19.114,4.408
19.114,4.693
19.114,4.703
19.114,4.614
19.115,4.846
19.115,4.668
19.115,4.551
19.115,4.594
19.117,4.957
19.121,5.123
19.121,5.034
19.131,5.371
19.132,5.380
19.134,5.426
19.134,5.185
19.133,4.999
19.133,5.122
19.133,5.060
19.133,5.251
19.133,5.148
19.133,5.287
19.138,5.504
19.139,5.510
19.139,5.419
19.139,5.448
19.138,5.133
19.138,5.120
19.138,5.201
19.131,4.707
19.131,5.060
19.134,5.302
19.134,5.283
19.135,5.338
19.135,5.195
19.137,5.421
19.137,5.171
19.133,4.804
19.126,4.567
19.095,4.186
19.095,4.221
19.086,4.138
19.085,4.134
19.067,4.047
19.061,4.018
19.061,4.202
19.061,4.188
19.061,4.200
19.061,4.078
19.061,4.190
19.061,4.131
19.061,4.023
19.000,3.785
18.963,3.669
18.943,3.607
18.867,3.413
18.867,3.429
18.868,3.712
18.868,3.479
18.868,3.623
18.762,3.189
18.764,3.613
18.764,3.536
18.764,3.585
18.771,3.871
18.772,3.894
18.782,4.099
18.791,4.237
18.830,4.653
18.830,4.524
18.830,4.600
18.830,4.566
18.826,4.074
18.816,3.784
18.816,3.772
18.805,3.593
18.766,3.215
18.766,3.225
18.680,3.041
18.681,3.327
18.682,3.479
18.682,3.318
18.597,2.910
18.593,2.904
18.593,3.154
18.599,3.470
18.605,3.618
18.609,3.700
18.608,3.446
18.608,3.344
18.608,3.666
18.611,3.729
18.600,3.030
18.600,3.094
18.600,3.117
18.600,3.230
18.601,3.383
18.604,3.537
18.604,3.317
18.613,3.758
18.619,3.848
18.620,3.861
18.620,3.620
18.618,3.423
18.618,3.528
18.618,3.506
18.639,4.092
18.703,4.574
18.733,4.750
18.733,4.733
18.747,4.817
18.747,4.535
18.742,4.185
18.742,4.240
18.742,4.368
18.742,4.357
18.742,4.416
18.734,3.959
18.735,4.292
18.739,4.576
18.740,4.605
18.742,4.679
18.742,4.632
18.742,4.441
18.742,4.335
18.742,4.367
18.742,4.576
18.742,4.527
18.742,4.357
18.742,4.415
18.742,4.408
18.742,4.348
18.742,4.423
18.752,4.842
18.771,4.937
18.770,4.467
18.770,4.807
18.769,4.427
18.769,4.499
18.769,4.478
18.769,4.692
18.769,4.703
18.780,4.975
18.779,4.552
18.775,4.342
18.775,4.401
18.775,4.515
18.776,4.707
18.775,4.373
18.775,4.498
18.776,4.722
18.812,5.118
18.812,5.027
18.812,5.108
18.857,5.302
18.857,5.234
18.874,5.365
18.874,5.044
18.873,4.909
18.865,4.539
18.861,4.422
18.861,4.592
18.861,4.438
18.861,4.483
18.861,4.617
18.861,4.797
18.863,4.938
18.863,4.609
18.862,4.500
18.857,4.347
18.849,4.208
18.814,3.819
18.790,3.647
18.771,3.535
18.753,3.447
18.723,3.311
18.714,3.279
18.714,3.308
18.715,3.602
18.715,3.650
18.725,4.001
18.724,3.768
18.724,3.735
18.720,3.448
18.720,3.650
18.721,3.774
18.724,3.997
18.724,3.682
18.723,3.569
18.721,3.494
18.721,3.545
18.679,3.152
18.632,3.006
18.632,3.051
18.632,3.167
18.632,3.122
18.632,3.013
18.632,3.094
18.579,2.884
18.579,3.010
18.580,3.111
18.580,3.076
18.580,3.125
18.532,2.814
18.407,2.652
18.253,2.478
18.253,2.582
18.253,2.516
18.101,2.327
18.101,2.362
18.101,2.498
18.101,2.379
18.101,2.475
18.101,2.408
17.988,2.223
17.732,2.015
17.732,2.188
17.732,2.227
17.623,1.936
17.623,1.973
17.623,1.951
16.839,1.468
16.726,1.411
16.705,1.401
16.705,1.422
16.705,1.465
16.714,1.819
16.725,1.962
16.717,1.537
16.717,1.633
16.129,1.146
16.131,1.371
16.160,1.743
16.188,1.916
16.242,2.146
16.245,2.155
16.245,2.061
16.245,2.072
16.294,2.319
16.294,2.315
16.305,2.354
16.335,2.436
16.345,2.464
16.345,2.387
16.441,2.708
16.441,2.696
16.556,2.952
16.575,2.985
16.639,3.105
16.736,3.275
16.871,3.501
16.871,3.445
16.933,3.598
16.936,3.603
16.935,3.276
16.936,3.587
16.936,3.595
16.936,3.453
16.951,3.626
16.951,3.614
16.951,3.468
16.949,3.214
16.948,3.157
16.947,3.135
16.947,3.287
16.946,3.105
16.946,3.159
16.945,3.062
16.930,2.776
16.930,2.973
16.931,3.056
16.922,2.690
16.922,2.821
16.922,2.720
16.922,2.796
16.922,2.905
16.922,2.896
16.922,2.907
16.922,2.785
16.922,2.833
16.922,2.886
16.923,2.951
16.923,2.953
16.908,2.562
16.908,2.595
16.908,2.575
16.908,2.728
16.909,2.850
16.910,2.945
16.914,3.078
16.914,3.014
16.913,2.819
16.912,2.692
16.912,2.666
16.912,2.734
16.883,2.394
16.872,2.337
16.848,2.223
16.844,2.206
16.844,2.373
16.844,2.225
16.845,2.470
16.845,2.439
16.800,2.058
16.778,1.996
16.779,2.288
16.779,2.054
16.547,1.569
16.245,1.239
16.245,1.347
16.245,1.360
16.076,1.124
15.354,0.864
15.377,1.306
15.377,1.289
15.224,0.822
15.229,1.071
15.239,1.175
15.257,1.306
15.261,1.334
15.266,1.371
15.310,1.561
15.335,1.649
15.385,1.789
15.437,1.916
15.437,1.692
15.480,2.022
15.480,1.849
15.457,1.414
15.458,1.648
15.418,1.208
15.418,1.228
15.418,1.361
15.434,1.674
15.434,1.564
15.421,1.232
15.394,1.138
15.394,1.256
15.379,1.098
15.379,1.127
14.954,0.740
14.966,1.038
14.991,1.220
15.031,1.403
15.208,1.864
15.207,1.645
15.206,1.591
15.206,1.782
15.210,1.869
15.222,1.896
15.219,1.600
15.220,1.808
15.271,1.992
15.300,2.047
15.300,1.916
15.300,1.871
15.300,1.884
15.359,2.160
15.358,1.899
15.358,2.012
15.358,1.924
15.358,1.877
15.354,1.743
15.354,1.904
15.357,2.064
15.566,2.488
15.566,2.350
15.607,2.551
15.607,2.342
15.606,2.270
15.644,2.600
15.858,2.891
15.858,2.820
15.942,2.999
15.941,2.723
15.936,2.508
15.937,2.761
15.938,2.856
15.940,2.956
15.940,2.900
15.940,2.851
15.938,2.550
15.932,2.402
15.932,2.404
15.932,2.429
15.920,2.226
15.921,2.476
15.937,2.920
15.937,2.881
15.940,2.974
16.179,3.293
16.179,3.103
16.177,2.885
16.165,2.587
16.151,2.412
16.152,2.705
16.152,2.672
16.152,2.527
16.151,2.463
16.131,2.256
16.119,2.184
16.110,2.132
16.110,2.136
16.107,2.116
16.107,2.258
16.055,1.903
15.916,1.582
15.728,1.314
15.697,1.279
15.701,1.562
15.701,1.495
15.701,1.444
15.553,1.137
15.269,0.920
15.256,0.912
15.256,0.926
15.256,1.081
15.256,0.967
15.258,1.137
15.279,1.366
15.279,1.362
15.296,1.493
15.296,1.390
15.296,1.374
15.298,1.506
15.329,1.641
15.381,1.824
15.381,1.661
15.381,1.758
15.381,1.730
15.381,1.694
15.375,1.464
15.332,1.126
15.245,0.905
15.245,1.050
15.264,1.327
15.286,1.489
15.318,1.631
15.327,1.673
15.322,1.348
15.321,1.326
15.321,1.475
15.321,1.346
15.302,1.140
15.304,1.367
15.304,1.293
15.304,1.174
15.185,0.868
14.161,0.528
14.161,0.615
12.527,0.199
12.527,0.383
12.567,0.470
12.567,0.439
12.567,0.383
12.050,0.126
11.453,0.045
10.847,-0.024
10.847,0.149
10.847,0.024
10.847,0.060
11.085,0.318
11.085,0.139
11.354,0.531
11.354,0.392
11.289,0.200
11.177,0.100
11.177,0.227
11.586,0.696
11.974,0.986
12.258,1.192
12.443,1.327
12.608,1.451
12.608,1.399
12.608,1.432
12.608,1.324
12.599,1.100
12.565,0.871
12.565,0.948
12.555,0.833
12.246,0.422
12.246,0.454
11.879,0.230
11.879,0.321
11.879,0.429
11.954,0.620
11.954,0.592
12.029,0.745
12.281,1.086
12.277,0.846
12.437,1.266
12.508,1.340
12.566,1.406
12.566,1.234
12.596,1.440
12.599,1.442
12.783,1.587
12.783,1.559
12.807,1.604
12.807,1.537
12.807,1.460
12.807,1.604
13.035,1.776
13.237,1.923
13.399,2.043
13.455,2.085
13.696,2.266
13.816,2.358
13.816,2.111
13.813,1.986
13.813,2.052
13.813,2.086
13.813,2.013
13.813,2.097
13.814,2.246
14.114,2.581
14.112,2.240
14.096,1.925
14.091,1.877
14.088,1.841
14.088,1.869
14.068,1.710
14.068,1.817
14.068,1.834
14.062,1.679
13.981,1.387
13.981,1.402
13.973,1.367
13.921,1.258
13.921,1.324
13.863,1.156
13.867,1.422
13.867,1.371
13.878,1.597
13.878,1.588
13.892,1.743
13.901,1.802
13.908,1.843
13.918,1.904
13.916,1.636
13.916,1.626
13.938,2.003
13.938,1.797
13.999,2.235
14.005,2.256
14.004,1.993
14.004,1.980
14.004,2.064
14.019,2.304
14.053,2.409
14.052,2.154
14.052,2.255
14.050,2.036
14.050,2.031
14.050,2.089
14.052,2.313
14.052,2.296
14.051,2.100
14.052,2.370
14.052,2.219
14.023,1.676
13.980,1.456
13.970,1.418
13.975,1.750
13.977,1.811
13.984,1.900
13.970,1.416
13.970,1.568
13.966,1.402
13.913,1.261
13.913,1.394
13.913,1.319
13.814,1.090
13.820,1.382
13.837,1.587
13.847,1.689
13.847,1.507
13.842,1.356
13.842,1.520
13.842,1.509
13.832,1.226
13.798,1.069
13.674,0.930
13.674,0.961
13.686,1.288
13.750,1.684
13.750,1.637
13.746,1.388
13.738,1.252
13.738,1.408
13.738,1.335
13.738,1.279
13.726,1.157
13.730,1.415
13.734,1.494
13.734,1.423
13.734,1.392
13.696,1.004
13.701,1.276
13.701,1.165
13.705,1.336
13.725,1.533
13.729,1.573
13.729,1.551
13.729,1.506
13.728,1.345
13.717,1.156
13.681,0.954
13.681,0.970
13.601,0.864
13.601,0.981
13.601,0.905
13.432,0.736
13.443,1.030
13.443,0.927
13.464,1.191
13.468,1.211
13.468,1.038
13.477,1.264
13.519,1.433
13.590,1.637
13.728,1.948
13.728,1.776
13.756,1.999
13.756,1.996
13.756,1.771
13.753,1.658
13.753,1.873
13.754,1.923
13.754,1.843
13.817,2.116
13.816,1.887
13.813,1.761
13.774,1.369
13.695,1.105
13.695,1.172
13.695,1.185
13.695,1.201
13.695,1.238
13.704,1.464
13.724,1.669
13.707,1.200
13.711,1.463
13.711,1.465
13.711,1.337
13.711,1.316
13.714,1.521
13.722,1.652
13.722,1.634
13.727,1.702
13.726,1.478
13.715,1.267
13.701,1.148
13.719,1.622
13.719,1.461
13.723,1.659
13.746,1.807
13.814,2.107
13.814,1.898
13.813,1.867
13.811,1.775
13.811,1.783
13.812,2.032
14.000,2.413
14.054,2.494
14.054,2.441
14.054,2.410
14.117,2.582
14.117,2.416
14.115,2.250
14.115,2.243
14.115,2.389
14.115,2.235
14.115,2.281
14.115,2.357
14.115,2.307
14.114,2.205
14.114,2.343
14.114,2.239
14.114,2.403
14.115,2.473
14.110,2.101
14.104,1.983
14.106,2.337
14.109,2.426
14.109,2.279
14.105,2.013
14.105,2.011
14.085,1.796
14.079,1.755
14.074,1.728
14.074,1.786
13.982,1.385
13.982,1.465
13.975,1.369
13.897,1.208
13.912,1.665
13.930,1.834
13.930,1.800
13.930,1.779
13.930,1.759
13.930,1.822
13.930,1.667
13.930,1.756
13.951,1.973
13.951,1.885
13.950,1.761
13.950,1.890
13.954,1.997
13.985,2.132
14.037,2.329
14.037,2.321
14.021,1.740
14.010,1.642
14.010,1.708
13.995,1.529
13.901,1.219
13.688,0.941
13.692,1.192
13.696,1.246
13.696,1.083
13.696,1.164
13.693,1.011
13.668,0.923
13.668,0.961
13.467,0.758
13.467,0.771
13.072,0.534
13.072,0.643
13.072,0.697
12.309,0.260
12.189,0.227
11.446,0.069
11.446,0.199
11.446,0.171
10.749,-0.035
10.339,-0.077
10.339,-0.063
9.374,-0.173
7.411,-0.382
7.411,-0.260
7.412,-0.181
7.412,-0.259
7.348,-0.390
7.348,-0.299
7.348,-0.359
6.410,-0.502
5.989,-0.554
5.989,-0.388
6.030,-0.256
6.607,0.048
6.607,0.006
8.349,0.457
8.349,0.397
8.349,0.446
9.069,0.684
9.069,0.578
8.939,0.217
8.590,0.038
8.590,0.226
8.590,0.224
8.590,0.195
8.590,0.143
8.361,-0.021
8.107,-0.076
6.989,-0.300
6.989,-0.265
7.059,-0.050
6.809,-0.341
6.809,-0.275
6.125,-0.518
3.888,-0.837
3.888,-0.760
3.409,-0.907
3.409,-0.874
3.409,-0.881
2.087,-1.107
2.087,-1.023
1.805,-1.152
-0.456,-1.529
-1.513,-1.718
-1.513,-1.543
-1.487,-1.161
-1.382,-0.831
-1.198,-0.597
-0.760,-0.320
-0.664,-0.281
-0.664,-0.447
-0.680,-0.520
-0.691,-0.550
-0.779,-0.773
-0.762,-0.489
-0.710,-0.341
-0.706,-0.335
-0.083,-0.104
-0.249,-0.528
-0.395,-0.707
-0.395,-0.607
-0.395,-0.623
-0.395,-0.700
-0.395,-0.617
-0.359,-0.368
-0.339,-0.314
-0.339,-0.500
-0.343,-0.524
-0.331,-0.301
-0.331,-0.328
-0.331,-0.390
-0.331,-0.421
-0.400,-0.711
-0.400,-0.659
-0.400,-0.570
-0.400,-0.674
-0.635,-0.932
-0.635,-0.853
-0.633,-0.716
-0.633,-0.755
-0.633,-0.878
-0.943,-1.209
-0.941,-0.992
-0.932,-0.881
-0.893,-0.681
-0.893,-0.820
-0.893,-0.696
-0.760,-0.450
-0.800,-0.853
-0.763,-0.458
-0.668,-0.367
-0.637,-0.346
-0.648,-0.577
-0.658,-0.611
-0.362,-0.196
-0.098,-0.108
0.849,0.062
0.783,-0.163
0.344,-0.423
0.335,-0.429
0.341,-0.218
0.669,0.011
1.770,0.189
1.770,0.064
2.139,0.243
2.294,0.266
2.057,-0.051
1.862,-0.123
1.729,-0.161
1.993,0.138
2.231,0.244
3.008,0.381
4.300,0.623
4.982,0.768
5.054,0.784
5.822,0.965
5.822,0.818
5.822,0.932
6.524,1.144
7.716,1.481
7.716,1.343
7.716,1.408
7.704,1.077
7.679,0.922
7.679,1.118
7.684,1.181
7.711,1.441
8.522,1.730
8.522,1.682
8.698,1.786
8.697,1.546
9.134,1.928
9.099,1.274
9.043,1.059
8.933,0.847
8.944,1.167
8.803,0.691
8.803,0.716
8.730,0.627
8.730,0.740
8.730,0.787
8.730,0.801
8.747,0.941
8.747,0.913
8.779,1.121
8.779,0.977
8.779,1.065
8.779,1.002
8.811,1.255
8.802,0.935
8.802,0.931
8.780,0.788
8.778,0.780
8.770,0.745
8.770,0.794
8.628,0.547
8.353,0.392
8.268,0.353
8.268,0.508
8.277,0.579
8.277,0.392
8.277,0.429
8.277,0.561
8.303,0.676
8.350,0.818
8.350,0.761
8.354,0.828
8.347,0.586
8.339,0.544
8.092,0.284
7.261,0.065
7.261,0.123
7.385,0.382
7.385,0.259
7.678,0.703
7.678,0.537
7.678,0.600
7.678,0.531
7.976,0.960
8.038,1.015
8.038,0.968
8.038,1.012
8.326,1.264
8.391,1.314
8.652,1.532
8.652,1.412
8.812,1.671
8.812,1.611
8.812,1.473
8.812,1.657
8.872,1.717
8.944,1.773
8.944,1.593
8.963,1.790
8.963,1.765
8.963,1.709
8.954,1.365
8.954,1.571
9.115,1.914
9.114,1.678
9.102,1.431
9.102,1.510
9.107,1.770
9.107,1.745
9.202,1.950
9.507,2.052
9.507,1.853
9.506,1.838
9.503,1.699
9.500,1.634
9.492,1.526
9.497,1.889
9.500,1.956
9.505,2.025
9.725,2.126
9.752,2.135
10.034,2.233
10.519,2.403
10.518,2.170
10.518,2.336
10.518,2.240
10.516,2.019
10.518,2.377
10.559,2.418
10.559,2.389
10.559,2.298
10.554,1.995
10.554,2.052
10.876,2.533
10.876,2.450
10.871,2.093
10.851,1.822
10.851,1.938
10.851,1.837
10.851,1.950
10.835,1.698
10.835,1.826
10.837,1.991
10.837,1.915
10.837,2.012
10.845,2.194
10.860,2.389
10.860,2.361
11.053,2.599
11.051,2.246
11.029,1.884
11.007,1.725
10.996,1.670
10.953,1.502
10.855,1.261
10.859,1.527
10.703,1.035
10.703,1.064
10.703,1.227
10.703,1.039
10.703,1.150
10.703,1.161
10.706,1.281
10.730,1.554
10.730,1.496
10.728,1.312
10.690,1.019
10.690,1.183
10.690,1.096
10.660,0.986
10.302,0.700
10.302,0.848
10.302,0.737
9.857,0.474
8.751,0.143
8.751,0.163
8.416,0.078
8.416,0.169
8.688,0.582
8.992,0.884
8.992,0.822
9.053,0.932
9.349,1.189
9.562,1.372
9.562,1.303
9.479,0.706
9.479,0.717
9.472,0.690
9.475,0.910
9.477,0.931
9.477,0.870
9.485,0.995
9.478,0.737
9.484,0.982
9.481,0.758
9.491,1.054
9.483,0.778
9.506,1.141
9.702,1.497
9.728,1.517
9.726,1.280
9.726,1.297
9.726,1.398
9.726,1.414
9.722,1.205
9.722,1.307
9.767,1.548
9.767,1.477
9.760,1.221
9.760,1.219
9.760,1.351
9.760,1.318
9.760,1.419
9.815,1.589
9.810,1.267
9.790,1.075
9.790,1.222
9.754,0.912
9.754,1.024
9.762,1.210
9.762,1.023
9.762,1.127
9.760,0.988
9.760,1.128
9.676,0.735
9.676,0.887
9.707,1.180
9.713,1.215
9.713,1.094
9.713,1.209
9.713,1.039
9.713,1.151
9.713,1.080
9.713,1.087
9.562,0.584
9.367,0.429
8.995,0.247
8.972,0.237
8.871,0.201
8.400,0.075
8.549,0.446
8.848,0.752
9.050,0.935
9.050,0.756
9.126,1.001
9.126,0.956
9.126,0.924
9.126,0.955
9.101,0.616
9.088,0.571
9.037,0.451
8.864,0.275
6.710,-0.157
6.758,0.062
6.999,0.152
6.999,0.088
6.999,0.060
7.086,0.188
7.086,0.139
7.565,0.410
7.554,0.193
7.550,0.188
7.459,0.092
7.334,0.014
7.334,0.209
7.812,0.531
8.343,0.830
8.343,0.807
8.682,1.029
8.682,0.996
8.676,0.775
8.676,0.836
8.671,0.735
8.617,0.520
8.617,0.583
8.617,0.699
8.617,0.664
8.617,0.596
8.608,0.499
8.608,0.643
8.633,0.834
8.641,0.883
8.641,0.886
8.641,0.782
8.629,0.607
8.643,0.900
8.929,1.179
8.929,1.132
8.991,1.220
9.494,1.544
9.494,1.334
9.475,1.083
9.475,1.224
9.456,0.960
9.093,0.441
8.924,0.338
8.924,0.450
7.639,-0.020
7.639,0.121
7.849,0.303
7.849,0.121
7.718,0.017
7.672,-0.005
5.073,-0.376
5.073,-0.345
5.073,-0.319
3.500,-0.629
3.526,-0.344
3.851,-0.060
3.729,-0.370
3.679,-0.448
3.679,-0.416
3.659,-0.470
3.154,-0.690
3.154,-0.608
3.234,-0.270
3.234,-0.272
3.543,-0.069
3.543,-0.076
4.224,0.097
4.224,0.028
4.224,-0.073
4.065,-0.164
3.994,-0.194
3.904,-0.241
3.849,-0.277
3.849,-0.146
3.849,-0.199
3.849,-0.149
4.085,0.044
4.085,-0.099
4.085,-0.054
4.335,0.118
4.335,0.054
5.814,0.434
6.117,0.518
6.983,0.782
6.983,0.650
6.983,0.728
6.983,0.698
7.940,1.134
8.587,1.400
8.587,1.270
9.324,1.734
9.321,1.466
9.321,1.636
9.722,1.923
9.805,1.963
9.805,1.949
9.805,1.762
9.798,1.536
9.798,1.672
9.799,1.793
9.799,1.597
9.755,1.219
9.752,1.205
9.752,1.366
9.774,1.734
9.805,1.962
9.918,2.018
9.918,1.833
9.918,1.797
9.971,2.045
10.354,2.236
10.540,2.332
10.540,2.100
10.731,2.429
10.730,2.176
10.730,2.337
10.728,2.046
10.729,2.324
10.729,2.301
10.730,2.362
10.730,2.312
10.762,2.446
10.762,2.345
10.761,2.230
10.761,2.421
11.509,2.772
11.603,2.808
12.127,3.014
12.127,2.843
12.127,2.901
12.384,3.118
12.985,3.366
13.377,3.535
13.790,3.716
13.848,3.742
14.598,4.083
14.598,3.900
14.598,4.060
14.960,4.251
14.959,3.855
14.956,3.682
14.946,3.420
14.946,3.609
14.946,3.447
14.946,3.440
14.897,2.909
14.891,2.864
14.888,2.846
14.836,2.601
14.828,2.572
14.825,2.560
14.825,2.665
14.805,2.491
14.805,2.601
14.806,2.765
14.806,2.776
14.806,2.680
14.806,2.686
14.807,2.838
14.814,3.066
14.835,3.394
14.835,3.301
14.835,3.238
14.833,2.977
14.833,3.247
14.836,3.410
14.844,3.504
14.864,3.679
14.864,3.614
14.864,3.650
14.863,3.429
14.854,3.018
14.848,2.895
14.848,3.066
14.833,2.710
14.833,2.866
14.832,2.698
14.832,2.950
14.832,2.724
14.817,2.576
14.817,2.578
14.817,2.728
14.779,2.410
14.780,2.658
14.780,2.532
14.532,1.909
14.514,1.882
14.514,1.922
14.470,1.820
14.415,1.750
14.396,1.728
14.402,2.152
14.423,2.439
14.423,2.329
14.423,2.326
14.423,2.371
14.443,2.608
14.441,2.293
14.441,2.303
14.429,1.994
14.429,2.090
14.429,2.084
14.430,2.269
14.430,2.230
14.430,2.091
14.430,2.123
14.430,2.218
14.433,2.403
14.449,2.646
14.492,2.907
14.492,2.680
14.492,2.624
14.492,2.771
14.547,3.152
14.546,2.848
14.546,2.815
14.546,2.776
14.544,2.710
14.543,2.670
14.536,2.506
14.536,2.794
14.536,2.717
14.536,2.545
14.536,2.643
14.536,2.574
14.534,2.484
14.534,2.569
14.535,2.789
14.542,3.036
14.535,2.499
14.535,2.560
14.535,2.659
14.535,2.691
14.535,2.767
14.536,2.780
14.536,2.822
14.540,2.977
14.540,2.810
14.539,2.767
14.539,2.783
14.538,2.601
14.533,2.467
14.533,2.685
14.533,2.490
14.519,2.296
14.520,2.571
14.520,2.611
14.532,2.946
14.532,2.720
14.532,2.784
14.532,2.699
14.531,2.600
14.531,2.623
14.531,2.613
14.531,2.718
14.527,2.454
14.528,2.790
14.529,2.830
14.529,2.690
14.532,2.930
14.532,2.889
14.532,2.789
14.532,2.767
14.532,2.802
14.534,2.973
14.534,2.868
14.534,2.804
14.534,2.816
14.535,2.994
14.571,3.236
14.570,2.893
14.570,2.912
14.570,3.106
14.637,3.457
14.633,2.968
14.623,2.728
14.623,2.735
14.623,2.826
14.625,3.126
14.628,3.233
14.628,3.217
14.627,2.866
14.625,2.784
14.625,2.799
14.625,2.777
14.595,2.427
14.546,2.152
14.546,2.335
14.546,2.318
14.547,2.409
14.549,2.564
14.549,2.525
14.549,2.539
14.554,2.682
14.554,2.648
14.558,2.764
14.581,3.042
14.593,3.154
14.593,2.964
14.590,2.709
14.590,2.815
14.568,2.328
14.566,2.306
14.566,2.410
14.566,2.426
14.566,2.335
14.565,2.302
14.537,2.114
14.537,2.209
14.525,2.061
14.525,2.112
14.525,2.075
14.525,2.089
14.496,1.970
14.497,2.217
14.496,1.972
14.431,1.801
14.431,1.982
14.431,2.021
14.444,2.355
14.443,2.103
14.443,2.116
14.443,2.094
14.443,2.106
14.444,2.359
14.451,2.454
14.451,2.243
14.448,2.055
14.448,2.225
14.449,2.348
14.451,2.456
14.462,2.580
14.462,2.433
14.462,2.578
14.511,2.912
14.510,2.623
14.510,2.885
14.531,3.028
14.593,3.296
14.666,3.545
14.711,3.666
14.711,3.345
14.710,3.301
14.711,3.553
14.710,3.296
14.701,2.987
14.657,2.511
14.656,2.504
14.604,2.238
14.565,2.100
14.537,2.022
14.486,1.897
14.486,1.946
14.411,1.754
14.390,1.721
14.390,1.888
14.393,2.015
14.393,1.861
14.393,1.863
14.340,1.662
14.272,1.591
14.007,1.355
14.007,1.500
14.007,1.467
14.007,1.433
14.007,1.425
13.827,1.225
13.602,1.084
13.296,0.922
13.296,0.962
12.933,0.762
12.034,0.459
12.034,0.640
12.034,0.515
12.039,0.682
12.039,0.599
12.039,0.525
12.066,0.822
12.132,1.051
12.198,1.183
12.307,1.382
12.307,1.365
12.688,1.931
12.688,1.777
12.687,1.687
12.675,1.451
12.637,1.195
12.391,0.725
12.394,0.947
12.409,1.076
12.410,1.087
12.410,0.931
12.410,0.902
12.397,0.768
12.397,0.787
12.397,0.787
12.397,0.776
12.259,0.607
12.188,0.552
11.813,0.400
11.813,0.593
11.842,0.717
11.893,0.886
11.954,1.039
12.207,1.449
12.204,1.196
12.292,1.568
12.346,1.639
12.517,1.853
12.501,1.357
12.504,1.619
12.507,1.696
12.507,1.542
12.507,1.711
12.507,1.530
12.505,1.456
12.505,1.452
12.494,1.290
12.494,1.380
12.498,1.571
12.498,1.516
12.498,1.481
12.498,1.530
12.482,1.215
12.482,1.284
12.458,1.106
12.464,1.408
12.464,1.396
12.461,1.147
12.461,1.145
12.461,1.148
12.455,1.092
12.455,1.132
12.455,1.161
12.381,0.908
12.356,0.858
12.275,0.749
12.293,1.121
12.265,0.737
12.265,0.791
12.265,0.817
12.262,0.733
12.262,0.780
12.086,0.568
12.054,0.544
11.572,0.340
11.386,0.297
11.386,0.307
11.386,0.399
11.386,0.317
11.405,0.548
11.498,0.793
11.503,0.804
11.503,0.677
11.470,0.445
11.466,0.431
11.466,0.495
11.466,0.515
11.471,0.650
11.498,0.778
11.498,0.762
11.498,0.639
11.473,0.456
11.463,0.417
11.475,0.667
11.501,0.792
11.501,0.791
11.529,0.867
11.568,0.932
11.568,0.901
11.642,1.040
11.642,0.939
11.781,1.228
11.833,1.302
11.833,1.102
11.833,1.279
11.833,1.146
11.853,1.322
11.800,0.744
11.496,0.364
10.585,0.140
10.585,0.336
10.757,0.600
10.757,0.492
10.699,0.253
10.242,0.085
8.734,-0.102
5.742,-0.454
5.742,-0.378
5.742,-0.330
5.745,-0.248
5.683,-0.462
3.760,-0.741
3.760,-0.735
2.832,-0.890
2.832,-0.827
1.944,-1.042
1.431,-1.134
1.431,-1.055
1.431,-1.069
0.118,-1.382
-2.299,-1.863
-2.321,-1.867
-2.321,-1.761
-2.320,-1.613
-2.930,-1.983
-5.748,-2.553
-5.736,-1.982
-5.693,-1.642
-5.693,-1.798
-5.693,-1.730
-5.693,-1.729
-5.693,-1.664
-5.693,-1.771
-5.702,-2.107
-5.719,-2.329
-5.742,-2.513
-5.744,-2.526
-6.269,-2.665
-6.269,-2.454
-6.268,-2.362
-6.267,-2.285
-6.267,-2.357
-6.260,-2.130
-6.260,-2.185
-6.260,-2.143
-6.260,-2.142
-6.260,-2.176
-6.242,-1.903
-6.242,-1.937
-6.242,-2.030
-6.242,-2.114
-6.242,-1.981
-6.203,-1.669
-6.204,-1.918
-6.174,-1.564
-6.014,-1.204
-6.014,-1.380
-6.014,-1.391
-6.022,-1.566
-6.022,-1.511
-6.019,-1.301
-5.762,-0.913
-5.469,-0.700
-5.469,-0.784
-5.314,-0.613
-5.314,-0.663
-5.314,-0.637
-5.348,-1.038
-5.348,-0.949
-5.396,-1.239
-5.435,-1.341
-5.477,-1.451
-5.667,-1.822
-5.666,-1.593
-5.666,-1.780
-5.665,-1.560
-5.662,-1.458
-5.626,-1.160
-5.626,-1.209
-5.651,-1.698
-5.651,-1.526
-5.688,-1.854
-5.688,-1.708
-5.804,-2.043
-5.860,-2.124
-5.859,-1.850
-5.852,-1.673
-5.860,-2.115
-5.859,-1.905
-5.859,-1.909
-5.859,-1.931
-5.859,-2.006
-5.850,-1.650
-5.850,-1.784
-5.850,-1.814
-5.837,-1.503
-5.836,-1.492
-5.830,-1.451
-5.830,-1.456
-5.830,-1.468
-5.828,-1.438
-5.828,-1.641
-5.806,-1.315
-5.809,-1.591
-5.750,-1.138
-5.757,-1.462
-5.757,-1.434
-5.757,-1.425
-5.774,-1.670
-5.774,-1.548
-5.774,-1.465
-5.769,-1.338
-5.769,-1.341
-5.768,-1.313
-5.768,-1.451
-5.756,-1.184
-5.675,-0.990
-5.553,-0.823
-5.010,-0.471
-5.010,-0.543
-5.010,-0.504
-4.387,-0.263
-4.387,-0.398
-4.391,-0.471
-4.252,-0.228
-4.252,-0.361
-4.274,-0.469
-4.543,-0.942
-4.543,-0.841
-4.543,-0.919
-4.543,-0.762
-4.335,-0.283
-3.101,-0.006
-0.978,0.264
-0.993,0.054
-1.517,-0.156
-1.430,0.077
-1.430,0.035
-2.165,-0.373
-2.769,-0.621
-2.951,-0.710
-2.951,-0.591
-2.946,-0.487
-2.706,-0.143
-1.496,0.161
-1.587,-0.074
-2.171,-0.310
-2.171,-0.279
-2.313,-0.379
-2.900,-0.683
-2.735,-0.187
-2.344,-0.017
-2.344,-0.149
-2.425,-0.265
-2.425,-0.103
-2.439,-0.274
-1.969,0.070
-2.057,-0.164
-2.397,-0.361
-2.397,-0.325
-2.397,-0.293
-2.795,-0.614
-2.795,-0.591
-3.328,-0.894
-3.474,-0.971
-3.998,-1.259
-4.117,-1.332
-4.117,-1.303
-4.117,-1.169
-4.117,-1.146
-4.117,-1.202
-4.117,-1.164
-4.117,-1.276
-4.116,-1.125
-4.111,-1.044
-4.064,-0.750
-4.064,-0.829
-4.063,-0.748
-4.063,-0.780
-3.967,-0.561
-3.967,-0.667
-3.865,-0.452
-3.499,-0.232
-1.948,0.114
-1.948,-0.028
-2.561,-0.368
-2.627,-0.405
-2.627,-0.277
-2.592,-0.157
-2.592,-0.327
-2.476,-0.057
-2.409,-0.019
-0.699,0.302
0.535,0.485
1.389,0.626
1.834,0.705
1.834,0.608
2.291,0.789
3.368,1.001
3.368,0.862
3.510,1.030
3.510,0.938
3.492,0.689
3.492,0.689
3.492,0.736
3.488,0.660
3.211,0.262
2.449,0.001
2.449,0.181
1.877,-0.101
1.877,-0.059
2.161,0.215
2.161,0.126
2.061,-0.030
1.979,-0.063
1.979,-0.050
1.618,-0.143
2.048,0.233
2.118,0.267
1.176,-0.216
1.176,-0.092
1.273,0.029
1.273,-0.160
1.221,-0.194
1.221,-0.033
1.445,0.095
2.046,0.310
2.234,0.397
2.234,0.246
1.784,-0.059
1.784,-0.026
1.784,0.012
1.308,-0.182
1.308,-0.100
1.308,-0.039
1.748,0.190
1.851,0.233
2.663,0.589
2.700,0.605
2.693,0.381
2.943,0.723
2.923,0.436
2.675,0.133
2.675,0.233
2.070,-0.047
2.070,0.024
2.070,0.040
2.181,0.201
2.508,0.416
2.508,0.290
0.920,-0.260
0.920,-0.211
0.448,-0.351
0.279,-0.386
0.279,-0.214
0.279,-0.209
0.279,-0.363
-0.453,-0.551
-0.453,-0.525
-0.453,-0.425
-0.453,-0.468
-0.609,-0.589
-0.609,-0.391
-0.492,-0.171
-0.518,-0.407
-0.518,-0.281
-0.518,-0.278
-0.285,-0.058
0.088,0.052
-0.021,-0.194
-0.012,0.010
-0.012,-0.028
-0.012,-0.175
-0.012,-0.038
-0.012,-0.051
0.851,0.210
1.944,0.481
2.235,0.568
2.732,0.732
2.805,0.758
2.805,0.659
2.937,0.809
3.247,0.923
3.424,0.995
3.424,0.802
3.424,0.924
3.424,0.816
3.408,0.676
3.408,0.771
3.408,0.691
3.408,0.872
4.160,1.169
4.160,1.077
4.160,1.163
4.160,1.019
4.159,0.955
4.159,0.983
4.153,0.888
4.125,0.706
4.066,0.543
4.059,0.534
3.912,0.364
3.433,0.130
3.433,0.208
2.627,-0.051
3.033,0.387
3.096,0.425
3.712,0.849
3.712,0.732
3.702,0.588
3.702,0.689
3.702,0.677
3.670,0.445
3.707,0.824
3.754,0.880
3.798,0.913
3.798,0.786
3.833,0.941
3.833,0.890
4.270,1.193
4.270,1.158
4.270,1.165
4.537,1.252
4.535,1.029
4.535,1.121
4.527,0.923
4.527,0.971
4.523,0.879
4.432,0.584
4.328,0.443
4.328,0.483
4.339,0.688
4.339,0.690
4.397,0.923
4.397,0.908
4.782,1.307
4.782,1.111
4.741,0.782
4.727,0.726
4.733,0.972
4.733,0.851
4.736,0.999
4.736,0.906
4.736,0.895
4.723,0.709
4.638,0.554
4.695,1.050
4.685,0.762
4.686,0.972
4.686,0.902
4.686,0.831
4.686,0.900
4.729,1.177
5.857,1.562
5.857,1.464
6.363,1.689
6.360,1.411
6.341,1.170
6.331,1.099
6.325,1.068
6.286,0.930
6.255,0.855
6.170,0.713
6.172,0.928
6.172,0.889
6.172,0.879
6.179,0.987
6.179,0.967
6.184,1.025
6.222,1.270
6.272,1.448
6.328,1.599
6.671,1.769
7.467,1.983
7.736,2.057
7.736,1.876
7.732,1.698
7.732,1.918
8.261,2.206
8.261,2.065
8.261,2.135
8.438,2.258
9.658,2.629
10.059,2.758
10.059,2.719
10.058,2.519
10.057,2.432
10.057,2.643
10.057,2.431
10.073,2.763
10.568,2.926
10.568,2.750
10.568,2.747
10.778,2.995
10.778,2.967
11.218,3.145
11.218,3.117
11.218,3.127
11.218,3.005
11.217,2.812
11.216,2.712
11.213,2.636
11.213,2.869
11.213,2.675
11.207,2.504
11.214,3.036
11.327,3.183
11.977,3.411
11.977,3.394
11.977,3.353
12.391,3.561
12.391,3.437
12.391,3.298
12.391,3.374
12.391,3.433
12.391,3.312
12.391,3.394
12.391,3.224
12.379,2.856
12.379,2.976
12.371,2.722
12.372,3.103
12.372,3.089
12.372,2.952
12.372,2.967
12.372,2.881
12.359,2.595
12.359,2.655
12.359,2.617
12.359,2.818
12.371,3.271
12.370,2.929
12.338,2.435
12.338,2.513
12.338,2.650
12.338,2.602
12.332,2.390
12.332,2.539
12.332,2.457
12.244,2.025
12.244,2.041
12.216,1.944
12.216,2.144
12.216,2.048
12.017,1.569
12.017,1.592
12.017,1.679
12.025,2.005
12.038,2.190
12.043,2.234
12.043,2.225
12.040,1.892
12.040,2.047
12.040,1.910
12.040,1.998
12.040,1.954
12.008,1.556
11.724,1.241
11.641,1.168
11.649,1.516
11.649,1.431
11.649,1.354
11.654,1.592
11.657,1.620
11.667,1.726
11.667,1.539
11.682,1.833
11.690,1.882
11.709,1.991
11.774,2.243
11.802,2.342
11.792,1.821
11.792,2.016
11.792,1.874
11.787,1.750
11.772,1.619
11.764,1.565
11.758,1.526
11.746,1.477
11.746,1.588
11.761,1.983
11.761,1.981
11.761,1.864
11.759,1.720
11.759,1.796
11.761,1.985
11.767,2.068
11.767,1.914
11.764,1.766
11.764,1.867
11.764,1.776
11.764,1.813
11.764,1.847
11.728,1.404
11.728,1.508
11.731,1.692
11.731,1.511
11.731,1.537
11.746,1.944
11.796,2.307
11.796,2.110
11.787,1.827
11.781,1.731
11.779,1.705
11.779,1.717
11.714,1.352
11.714,1.422
11.696,1.301
11.696,1.324
11.701,1.616
11.775,2.218
11.797,2.322
11.857,2.500
11.856,2.233
11.852,2.060
11.852,2.171
11.887,2.587
12.039,2.930
12.039,2.816
12.036,2.505
12.037,2.808
12.037,2.743
12.037,2.682
12.037,2.595
12.030,2.351
12.017,2.176
12.019,2.525
12.020,2.568
12.020,2.531
12.020,2.477
12.029,2.781
12.028,2.520
12.031,2.813
12.066,2.986
12.066,2.895
12.066,2.878
12.141,3.127
12.222,3.271
12.353,3.496
12.727,3.684
12.726,3.375
12.726,3.431
12.726,3.328
12.726,3.382
12.726,3.573
13.108,3.825
13.108,3.727
13.107,3.471
13.106,3.381
13.106,3.562
13.106,3.414
13.103,3.270
13.103,3.323
13.103,3.359
13.103,3.464
13.103,3.517
13.106,3.738
13.106,3.607
13.106,3.671
13.105,3.502
13.103,3.298
13.102,3.239
13.096,3.088
13.096,3.187
13.096,3.166
13.096,3.105
13.096,3.324
13.094,3.043
13.094,3.094
13.094,3.276
13.094,3.355
13.094,3.303
13.094,3.128
13.095,3.379
13.095,3.410
13.095,3.337
13.094,3.164
13.094,3.104
13.094,3.138
13.094,3.273
13.094,3.315
13.085,2.923
13.085,3.113
13.086,3.271
13.082,2.888
13.066,2.731
13.066,2.841
13.067,3.117
13.067,2.944
13.067,2.978
13.067,3.132
13.068,3.138
13.096,3.705
13.094,3.263
13.087,3.037
13.087,3.185
13.090,3.488
13.090,3.433
13.098,3.728
13.097,3.385
13.097,3.524
13.097,3.558
13.097,3.591
13.098,3.649
13.098,3.620
13.098,3.427
13.095,3.267
13.095,3.388
13.096,3.517
13.096,3.273
13.096,3.404
13.094,3.228
13.096,3.638
13.096,3.502
13.104,3.785
13.103,3.521
13.103,3.628
13.103,3.614
13.102,3.352
13.102,3.570
13.102,3.395
13.094,3.093
13.094,3.110
13.095,3.507
13.095,3.220
13.095,3.233
13.097,3.574
13.097,3.411
13.097,3.522
13.204,3.862
13.204,3.625
13.204,3.807
13.204,3.622
13.204,3.653
13.204,3.622
13.575,4.003
13.575,3.812
13.574,3.664
13.574,3.926
13.574,3.771
13.573,3.568
13.573,3.597
13.563,3.241
13.553,3.096
13.553,3.143
13.544,2.975
13.513,2.722
13.513,2.922
13.514,3.048
13.520,3.309
13.526,3.438
13.526,3.263
13.533,3.555
13.533,3.394
13.533,3.489
13.532,3.288
13.532,3.295
13.543,3.691
13.543,3.537
13.544,3.710
13.542,3.265
13.543,3.663
13.559,3.859
13.679,4.043
13.962,4.153
13.962,3.921
13.960,3.699
13.958,3.582
13.952,3.412
13.953,3.818
13.953,3.747
13.953,3.820
13.961,4.130
13.961,3.759
13.961,3.969
13.961,4.074
13.961,4.070
13.962,4.133
14.691,4.442
14.691,4.404
14.926,4.537
14.926,4.504
14.925,4.134
14.924,4.088
14.924,4.069
14.924,4.064
14.924,4.245
14.924,4.126
14.924,4.339
14.924,4.259
14.924,4.405
14.924,4.194
14.924,4.077
14.924,4.173
14.924,4.164
14.924,4.276
14.924,4.332
14.924,4.345
14.924,4.258
14.924,4.221
14.924,4.222
14.924,4.327
14.924,4.299
14.924,4.366
14.924,4.440
14.924,4.317
14.924,4.437
14.924,4.410
14.924,4.230
14.924,4.075
14.924,4.173
14.924,4.088
14.923,4.043
14.916,3.770
14.916,3.753
14.916,3.984
14.917,4.195
14.917,4.090
14.920,4.325
14.920,4.314
14.921,4.381
14.921,4.120
14.921,4.192
14.921,4.079
14.921,4.331
14.921,4.180
14.923,4.432
14.923,4.429
15.161,4.633
15.793,4.897
15.976,4.974
15.976,4.759
15.976,4.820
15.976,4.949
15.973,4.417
15.969,4.256
15.969,4.419
15.969,4.458
15.969,4.353
15.968,4.200
15.968,4.504
15.968,4.416
15.962,4.069
15.960,4.028
15.960,4.177
15.961,4.307
15.961,4.227
15.961,4.085
15.961,4.279
15.962,4.470
15.962,4.431
15.962,4.363
15.962,4.398
15.964,4.566
15.964,4.502
15.966,4.681
16.534,5.213
16.534,5.133
16.534,5.119
16.534,5.078
16.534,5.091
16.534,5.112
16.534,5.002
16.533,4.913
16.543,5.217
16.543,4.972
16.543,5.043
16.539,4.608
16.539,4.745
16.539,4.628
16.539,4.609
16.539,4.613
16.539,4.694
16.539,4.613
16.537,4.519
16.537,4.534
16.537,4.601
16.537,4.633
16.537,4.771
16.537,4.802
16.537,4.601
16.537,4.809
16.537,4.849
16.541,5.133
16.541,4.986
16.541,4.852
16.541,5.049
16.541,5.124
16.541,4.959
16.541,4.946
16.538,4.598
16.538,4.646
16.538,4.768
16.539,4.913
16.538,4.565
16.538,4.719
16.538,4.661
16.541,5.112
16.542,5.168
16.542,4.976
16.541,4.773
16.530,4.308
16.520,4.109
16.505,3.909
16.505,3.957
16.505,3.995
16.505,3.992
16.505,3.948
16.494,3.787
16.471,3.610
16.471,3.883
16.465,3.567
16.465,3.618
16.465,3.679
16.465,3.709
16.465,3.581
16.465,3.833
16.465,3.871
16.465,3.860
16.468,4.066
16.473,4.277
16.473,4.109
16.473,4.025
16.473,4.045
16.473,4.123
16.471,3.821
16.470,3.761
16.470,3.837
16.470,3.735
16.468,3.659
16.467,3.637
16.465,3.573
16.442,3.433
16.443,3.693
16.432,3.382
16.367,3.114
16.367,3.239
16.370,3.570
16.366,3.112
16.339,3.018
16.339,3.210
16.341,3.423
16.341,3.323
16.341,3.213
16.341,3.265
16.341,3.291
16.340,3.097
16.345,3.564
16.345,3.516
16.345,3.383
16.349,3.698
16.349,3.689
16.349,3.392
16.349,3.410
16.349,3.370
16.348,3.297
16.348,3.286
16.348,3.274
16.344,3.137
16.344,3.153
16.344,3.131
16.316,2.951
16.219,2.706
16.219,2.770
16.220,3.051
16.220,3.049
16.220,3.042
16.221,3.117
16.224,3.224
16.224,3.161
16.224,3.062
16.224,3.159
16.224,3.184
16.224,3.012
16.224,3.188
16.224,3.149
16.224,2.987
16.223,2.870
16.223,2.907
16.197,2.658
16.107,2.488
16.107,2.527
16.107,2.553
15.910,2.196
15.841,2.113
15.841,2.148
15.841,2.118
15.613,1.873
15.613,2.061
15.613,1.926
15.532,1.799
15.532,1.948
15.532,1.842
15.533,2.060
15.516,1.785
15.496,1.768
15.496,1.906
15.497,2.027
15.497,2.000
15.507,2.290
15.507,2.092
15.507,2.191
15.507,2.126
15.505,1.963
15.505,2.125
15.505,1.968
15.505,2.142
15.401,1.690
15.306,1.617
15.055,1.446
15.055,1.450
14.863,1.332
14.864,1.533
14.866,1.586
14.880,1.834
14.884,1.881
14.884,1.881
14.884,1.859
14.884,1.864
14.884,1.878
14.879,1.509
14.879,1.665
14.881,1.775
14.881,1.744
14.880,1.555
14.872,1.419
14.872,1.420
14.887,1.915
14.884,1.622
14.877,1.473
14.881,1.781
14.884,1.881
14.884,1.785
14.884,1.811
14.884,1.742
14.884,1.782
14.930,2.205
14.982,2.433
15.155,2.970
15.274,3.238
15.274,3.091
15.274,3.031
15.273,2.892
15.273,3.065
15.274,3.235
15.463,3.610
15.463,3.396
15.514,3.705
15.610,3.869
15.661,3.956
15.737,4.081
15.766,4.130
15.824,4.216
15.824,4.026
15.977,4.446
16.066,4.576
16.358,4.977
16.358,4.964
16.463,5.116
16.462,4.738
16.462,4.801
16.463,5.111
17.026,5.426
17.026,5.389
17.026,5.364
17.026,5.418
17.026,5.371
17.053,5.437
17.053,5.379
17.506,5.635
17.514,5.639
17.687,5.716
17.928,5.823
18.054,5.880
19.142,6.378
19.445,6.508
19.743,6.634
20.259,6.859
20.550,6.990
20.811,7.109
21.864,7.621
22.331,7.864
22.331,7.756
22.331,7.767
22.374,7.886
22.374,7.843
22.374,7.772
22.809,8.123
22.809,7.752
22.808,7.548
22.808,7.911
22.808,7.607
22.808,7.900
22.808,7.799
22.808,7.698
22.808,7.860
22.808,7.725
22.808,7.992
22.809,8.046
23.125,8.301
23.365,8.440
23.365,8.354
23.365,8.417
23.365,8.371
23.448,8.489
23.448,8.467
23.448,8.300
23.448,8.384
23.448,8.282
23.458,8.494
23.755,8.673
23.755,8.494
23.755,8.503
23.755,8.303
23.755,8.480
23.755,8.411
23.754,8.119
23.753,8.031
23.754,8.522
23.754,8.556
24.174,8.934
24.174,8.846
24.174,8.855
24.570,9.193
24.578,9.198
25.172,9.608
25.325,9.718
25.439,9.802
25.439,9.537
25.439,9.447
25.438,9.216
25.437,9.094
25.436,9.068
25.436,9.387
25.436,9.095
25.435,8.954
25.435,8.945
25.435,8.931
25.433,8.784
25.433,8.751
25.433,8.770
25.433,8.843
25.429,8.553
25.429,8.584
25.429,8.555
25.428,8.533
25.428,8.542
25.428,8.642
25.428,8.718
25.428,8.704
25.429,8.976
25.432,9.350
25.432,9.173
25.432,9.199
25.432,9.340
25.432,9.146
25.432,9.189
25.432,9.242
25.432,9.327
25.432,9.313
25.433,9.471
25.434,9.519
25.435,9.579
25.435,9.529
25.643,9.954
25.713,10.008
25.858,10.120
25.950,10.192
25.950,10.147
26.174,10.371
26.423,10.576
26.423,10.484
26.423,10.490
26.718,10.830
26.909,10.999
26.909,10.750
26.909,10.806
26.908,10.444
26.907,10.235
26.907,10.313
26.907,10.240
26.906,10.177
26.906,10.194
26.905,10.079
26.905,10.205
26.905,10.243
26.906,10.533
26.906,10.389
26.906,10.373
26.906,10.356
26.906,10.266
26.905,10.038
26.904,9.977
26.903,9.902
26.899,9.636
26.899,9.719
26.899,9.716
26.899,9.722
26.899,9.970
26.899,9.650
26.899,9.641
26.899,9.787
26.899,9.772
26.899,9.955
26.899,9.889
26.899,9.684
26.899,9.685
26.899,9.779
26.896,9.499
26.891,9.317
26.887,9.192
26.883,9.092
26.883,9.227
26.883,9.103
26.883,9.098
26.884,9.425
26.884,9.417
26.884,9.290
26.883,9.069
26.883,9.123
26.878,8.956
26.878,9.052
26.879,9.446
26.879,9.271
26.879,9.039
26.879,9.208
26.873,8.844
26.839,8.300
26.835,8.249
26.811,7.991
26.811,8.189
26.797,7.860
26.779,7.719
26.779,7.807
26.779,7.769
26.781,8.305
26.783,8.478
26.786,8.744
26.786,8.426
26.786,8.369
26.785,8.138
26.784,8.035
26.784,8.209
26.784,8.205
26.784,8.416
26.784,8.170
26.784,8.213
26.784,8.196
26.784,8.283
26.783,7.960
26.783,8.081
26.783,8.149
26.783,8.229
26.785,8.648
26.789,8.878
26.793,9.059
26.793,8.869
26.793,8.801
26.793,8.989
26.793,9.073
26.793,8.805
26.793,9.006
26.794,9.111
26.798,9.220
26.805,9.417
26.804,9.113
26.804,9.173
26.804,8.957
26.804,9.137
26.801,8.567
26.798,8.385
26.793,8.132
26.793,8.190
26.793,8.164
26.791,8.039
26.787,7.926
26.776,7.693
26.737,7.424
26.737,7.703
26.737,7.545
26.737,7.882
26.737,7.860
26.737,7.882
26.737,7.719
26.737,7.625
26.737,7.585
26.737,7.519
26.735,7.415
26.722,7.336
26.722,7.506
26.722,7.574
26.723,7.728
26.723,7.639
26.722,7.383
26.620,6.825
26.571,6.629
26.554,6.566
26.554,6.580
26.554,6.799
26.554,6.845
26.554,6.728
26.554,6.884
26.555,7.082
26.555,7.014
26.556,7.162
26.556,6.926
26.556,6.987
26.558,7.336
26.558,7.290
26.558,6.978
26.558,7.041
26.558,7.134
26.558,7.340
26.561,7.514
26.561,7.371
26.564,7.649
26.564,7.541
26.564,7.226
26.563,7.153
26.563,7.103
26.563,7.224
26.563,7.284
26.563,7.263
26.563,7.158
26.563,7.249
26.563,7.517
26.563,7.392
26.562,7.072
26.562,7.345
26.563,7.404
26.562,7.089
26.562,7.110
26.560,6.891
26.560,7.047
26.560,7.258
26.560,7.289
26.561,7.349
26.561,7.339
26.564,7.597
26.564,7.504
26.566,7.724
26.566,7.627
26.566,7.602
26.566,7.390
26.566,7.319
26.565,7.247
26.563,7.022
26.563,7.276
26.564,7.573
26.573,7.942
26.578,8.083
26.578,7.782
26.578,7.767
26.577,7.522
26.577,7.488
26.576,7.459
26.573,7.234
26.571,7.099
26.561,6.728
26.561,6.754
26.561,6.751
26.561,6.962
26.561,6.885
26.560,6.700
26.560,6.723
26.559,6.682
26.559,6.715
26.559,6.900
26.559,6.954
26.559,6.843
26.559,6.696
26.559,6.698
26.559,6.789
26.559,6.871
26.560,7.109
26.560,7.089
26.559,6.765
26.559,6.740
26.559,6.679
26.559,6.722
26.561,7.238
26.561,7.286
26.563,7.451
26.570,7.775
26.578,8.065
26.578,7.867
26.578,7.823
26.576,7.505
26.576,7.621
26.577,7.967
26.578,8.080
26.589,8.328
26.589,8.076
26.594,8.417
26.594,8.382
26.594,8.104
26.592,7.819
26.592,7.871
26.590,7.617
26.588,7.503
26.586,7.371
26.586,7.370
26.586,7.482
26.587,7.915
26.587,7.722
26.589,8.055
26.589,7.883
26.589,7.963
26.589,8.035
26.589,7.937
26.589,7.995
26.589,7.976
26.589,7.763
26.589,7.781
26.589,7.724
26.589,7.811
26.588,7.518
26.588,7.621
26.588,7.607
26.587,7.510
26.580,7.127
26.569,6.847
26.569,6.913
26.565,6.767
26.523,6.458
26.523,6.634
26.513,6.424
26.345,5.936
26.281,5.780
26.281,5.946
26.281,5.910
26.258,5.726
26.174,5.543
26.079,5.354
25.984,5.181
25.809,4.900
25.809,4.942
25.750,4.811
25.667,4.696
25.667,4.819
25.667,4.894
25.641,4.661
25.583,4.583
25.354,4.306
25.354,4.430
25.124,4.060
25.124,4.231
25.125,4.430
25.125,4.485
25.133,4.850
25.133,4.714
25.133,4.804
25.133,4.513
25.133,4.661
25.133,4.541
25.137,4.951
25.142,5.071
25.155,5.295
25.155,5.210
25.160,5.379
25.159,4.941
25.153,4.600
25.153,4.664
25.149,4.487
25.135,4.212
25.125,4.072
25.125,4.204
25.126,4.469
25.129,4.672
25.130,4.716
25.130,4.604
25.137,4.922
25.137,4.866
25.137,4.930
25.137,4.938
25.137,4.872
25.137,4.920
25.150,5.215
25.156,5.316
25.182,5.641
25.195,5.772
25.217,5.963
25.234,6.098
25.234,5.832
25.232,5.619
25.232,5.710
25.234,6.103
25.247,6.190
25.250,6.213
25.250,6.145
25.250,5.904
25.250,6.192
25.292,6.483
25.291,6.064
25.289,5.898
25.280,5.478
25.278,5.404
25.270,5.236
25.271,5.494
25.272,5.745
25.276,5.955
25.278,6.056
25.279,6.110
25.279,6.045
25.283,6.261
25.316,6.623
25.316,6.313
25.313,5.986
25.313,6.090
25.311,5.875
25.309,5.787
25.306,5.640
25.306,5.780
25.300,5.490
25.300,5.652
25.301,5.841
25.303,6.072
25.303,5.793
25.303,5.851
25.303,5.841
25.303,5.836
25.303,5.955
25.303,5.687
25.301,5.525
25.301,5.585
25.301,5.846
25.301,5.732
25.301,5.771
25.305,6.173
25.306,6.282
25.306,6.244
25.306,6.282
25.313,6.544
25.313,6.445
25.331,6.703
25.331,6.700
25.361,6.860
25.361,6.703
25.378,6.936
25.378,6.879
25.385,6.970
25.385,6.796
25.385,6.623
25.383,6.409
25.383,6.521
25.383,6.754
25.383,6.592
25.383,6.584
25.383,6.696
25.384,6.848
25.384,6.683
25.408,7.075
25.418,7.120
25.418,7.011
25.453,7.270
25.453,7.098
25.496,7.437
25.542,7.609
25.542,7.397
25.542,7.204
25.577,7.731
25.577,7.674
25.753,8.292
25.753,8.228
25.753,8.291
25.815,8.473
25.840,8.544
25.840,8.210
25.840,8.541
25.840,8.441
25.840,8.451
25.840,8.434
25.840,8.524
25.950,8.845
25.950,8.525
25.950,8.490
25.950,8.482
25.950,8.689
25.950,8.691
25.950,8.804
25.950,8.722
25.985,8.936
25.985,8.579
25.983,8.230
25.983,8.272
25.976,7.758
25.976,7.875
25.966,7.449
25.966,7.440
25.966,7.607
25.957,7.216
25.949,7.074
25.947,7.029
25.947,7.122
25.946,7.013
25.946,7.089
25.946,7.195
25.936,6.863
25.926,6.738
25.926,6.793
25.926,6.858
25.926,6.782
25.920,6.666
25.920,6.804
25.920,6.857
25.920,6.715
25.920,6.717
25.918,6.644
25.918,6.662
25.904,6.496
25.904,6.552
25.902,6.481
25.895,6.417
25.895,6.491
25.895,6.435
25.895,6.544
25.895,6.526
25.895,6.505
25.895,6.523
25.895,6.750
25.895,6.774
25.896,6.891
25.897,6.995
25.904,7.395
25.906,7.493
25.906,7.295
25.914,7.771
25.914,7.565
25.914,7.560
25.914,7.688
25.914,7.497
25.914,7.395
25.914,7.574
25.913,7.296
25.913,7.397
25.913,7.213
25.913,7.465
25.911,7.064
25.910,7.031
25.910,7.177
25.911,7.305
25.911,7.235
25.912,7.532
25.912,7.362
25.912,7.382
25.912,7.315
25.911,7.109
25.912,7.526
25.912,7.451
25.909,6.930
25.909,7.123
25.909,7.191
25.910,7.385
25.911,7.480
25.911,7.177
25.911,7.342
25.911,7.403
25.911,7.217
25.909,6.955
25.909,7.314
25.909,7.241
25.909,7.095
25.909,7.224
25.909,7.299
25.909,7.114
25.910,7.326
25.910,7.132
25.903,6.633
25.903,6.671
25.903,6.641
25.902,6.626
25.902,6.864
25.902,6.759
25.902,6.737
25.879,6.279
25.879,6.658
25.879,6.620
25.870,6.216
25.870,6.436
25.861,6.143
25.839,6.006
25.839,6.030
25.817,5.877
25.731,5.478
25.712,5.404
25.697,5.349
25.697,5.412
25.680,5.288
25.627,5.115
25.584,4.992
25.584,5.004
25.584,5.280
25.584,5.356
25.584,5.345
25.588,5.650
25.594,5.881
25.593,5.513
25.550,4.899
25.551,5.325
25.555,5.581
25.557,5.705
25.557,5.660
25.557,5.681
25.557,5.575
25.557,5.569
25.557,5.517
25.557,5.437
25.562,5.850
25.562,5.661
25.561,5.490
25.561,5.643
25.561,5.676
25.561,5.496
25.558,5.223
25.524,4.835
25.524,4.895
25.524,4.994
25.524,4.961
25.433,4.621
25.284,4.325
25.284,4.439
25.285,4.647
25.251,4.267
25.196,4.175
24.943,3.885
24.943,3.943
24.944,4.198
24.947,4.444
24.949,4.516
24.961,4.844
24.961,4.655
24.961,4.599
24.960,4.524
24.957,4.256
24.957,4.296
24.952,4.085
24.952,4.074
24.952,4.286
24.952,4.326
24.952,4.315
24.952,4.272
24.952,4.140
24.952,4.099
24.952,4.259
24.952,4.121
24.952,4.249
24.952,4.162
24.952,4.090
24.949,4.004
24.950,4.280
24.952,4.511
24.952,4.404
24.952,4.349
24.952,4.291
24.949,3.999
24.949,4.109
24.949,4.291
24.949,4.077
24.949,4.193
24.949,4.075
24.949,4.255
24.949,4.151
24.949,4.273
24.950,4.360
24.951,4.463
24.950,4.054
24.950,4.320
24.950,4.126
24.950,4.151
24.950,4.191
24.950,4.208
24.952,4.529
24.952,4.322
24.952,4.262
24.952,4.147
24.951,4.083
24.948,3.969
24.946,3.938
24.802,3.756
24.802,3.920
24.802,3.819
24.617,3.598
24.184,3.266
23.862,3.047
23.862,3.144
23.474,2.809
23.381,2.755
23.150,2.627
23.150,2.702
22.933,2.513
22.842,2.466
22.760,2.425
22.286,2.201
21.549,1.891
21.549,2.022
21.549,1.953
21.426,1.843
20.723,1.587
19.349,1.162
19.349,1.248
19.356,1.475
19.356,1.290
19.380,1.767
19.391,1.830
19.391,1.731
19.383,1.414
19.377,1.351
19.377,1.466
19.377,1.471
19.377,1.554
19.377,1.410
19.363,1.227
19.378,1.688
19.378,1.465
19.378,1.639
19.378,1.612
19.378,1.645
19.379,1.690
19.421,1.998
19.486,2.246
19.493,2.270
19.493,2.088
19.533,2.401
19.533,2.274
19.541,2.422
19.541,2.351
19.540,2.138
19.531,1.901
19.400,1.265
19.400,1.315
19.402,1.513
19.380,1.218
19.380,1.222
19.230,1.130
19.230,1.328
19.240,1.508
19.276,1.808
19.292,1.905
19.372,2.212
19.371,1.984
19.371,2.153
19.371,2.161
19.483,2.542
19.572,2.748
19.749,3.090
19.749,2.977
19.751,3.094
19.751,3.012
19.751,3.070
19.751,2.982
19.751,2.978
19.750,2.825
19.763,3.119
19.763,3.105
19.864,3.292
19.864,3.281
19.864,3.286
19.864,3.232
19.864,3.155
19.961,3.450
19.966,3.458
19.984,3.489
19.984,3.388
19.984,3.290
19.984,3.292
19.980,3.000
19.981,3.241
19.981,3.102
19.980,3.019
19.976,2.864
19.970,2.758
19.943,2.461
19.943,2.538
19.943,2.579
19.893,2.177
19.893,2.260
19.781,1.829
19.561,1.461
19.454,1.337
19.454,1.356
19.454,1.503
19.454,1.467
19.049,1.081
18.222,0.873
18.222,1.002
17.854,0.788
17.854,0.804
16.689,0.543
15.103,0.270
15.103,0.468
11.790,-0.110
11.790,0.021
12.175,0.258
12.175,0.223
11.647,-0.123
9.727,-0.302
8.782,-0.399
8.782,-0.256
8.782,-0.264
7.392,-0.551
5.009,-0.840
4.587,-0.895
3.699,-1.013
2.815,-1.136
2.200,-1.225
1.101,-1.388
1.101,-1.209
1.101,-1.385
1.101,-1.359
-0.647,-1.665
-0.647,-1.603
-1.153,-1.748
-3.195,-2.104
-3.195,-2.006
-3.195,-1.873
-3.180,-1.562
-3.168,-1.453
-3.169,-1.699
-3.169,-1.669
-3.182,-1.958
-3.847,-2.223
-3.847,-2.218
-3.847,-2.175
-5.154,-2.473
-5.154,-2.352
-5.154,-2.448
-5.154,-2.340
-5.154,-2.294
-5.154,-2.328
-5.154,-2.449
-5.154,-2.288
-5.146,-1.970
-5.140,-1.870
-5.118,-1.671
-5.059,-1.427
-5.059,-1.431
-5.059,-1.565
-5.064,-1.762
-5.093,-2.117
-5.093,-1.964
-5.092,-1.872
-5.092,-1.923
-5.092,-2.020
-5.114,-2.269
-5.139,-2.402
-5.334,-2.509
-5.332,-2.147
-5.305,-1.756
-5.289,-1.659
-5.289,-1.850
-5.289,-1.677
-5.251,-1.489
-5.251,-1.592
-5.251,-1.495
-5.251,-1.697
-5.251,-1.703
-5.251,-1.548
-5.149,-1.229
-5.031,-1.042
-5.033,-1.274
-5.033,-1.162
-5.050,-1.495
-5.064,-1.620
-5.108,-1.858
-5.168,-2.068
-5.191,-2.135
-5.191,-2.017
-5.174,-1.571
-5.174,-1.634
-5.165,-1.495
-5.165,-1.574
-5.168,-1.766
-5.171,-1.883
-5.171,-1.853
-5.170,-1.652
-5.147,-1.380
-5.095,-1.189
-4.925,-0.919
-4.890,-0.886
-4.890,-0.889
-4.890,-1.074
-4.890,-0.984
-4.656,-0.702
-4.694,-1.178
-4.697,-1.192
-4.697,-1.166
-4.697,-1.056
-4.524,-0.624
-4.524,-0.802
-4.524,-0.786
-4.524,-0.688
-4.524,-0.763
-4.488,-0.604
-3.692,-0.284
-3.692,-0.468
-3.313,-0.183
-3.353,-0.446
-3.353,-0.340
-3.353,-0.398
-3.353,-0.283
-3.353,-0.322
-3.389,-0.529
-3.372,-0.285
-3.372,-0.325
-3.402,-0.564
-3.480,-0.678
-3.579,-0.822
-3.579,-0.818
-3.598,-0.842
-3.549,-0.424
-3.105,-0.136
-3.105,-0.194
-3.329,-0.660
-3.314,-0.402
-2.205,0.018
-2.205,-0.115
-1.044,0.166
1.944,0.610
2.205,0.657
2.157,0.305
2.168,0.533
2.162,0.318
1.954,0.118
1.358,-0.061
1.358,0.128
1.720,0.346
1.732,0.351
2.043,0.559
2.043,0.511
2.634,0.735
2.633,0.528
2.431,0.181
2.506,0.522
2.860,0.778
5.987,1.463
6.550,1.604
7.200,1.774
7.200,1.708
7.499,1.855
7.499,1.728
7.499,1.837
7.499,1.801
7.498,1.618
7.498,1.806
7.494,1.496
7.494,1.548
7.491,1.434
7.493,1.705
7.542,1.867
7.542,1.774
7.539,1.569
7.537,1.505
7.537,1.523
7.524,1.349
7.524,1.436
7.524,1.383
7.516,1.272
7.492,1.156
7.492,1.194
7.492,1.170
7.492,1.214
7.499,1.469
7.504,1.563
7.499,1.266
7.461,1.040
7.461,1.093
7.340,0.809
7.311,0.771
6.545,0.278
4.813,-0.084
3.642,-0.244
3.523,-0.261
3.406,-0.279
2.834,-0.369
2.541,-0.417
2.541,-0.383
2.544,-0.213
2.539,-0.418
2.680,-0.069
2.923,0.031
3.246,0.116
3.161,-0.115
2.239,-0.470
2.239,-0.308
1.572,-0.594
0.858,-0.739
-0.004,-0.931
-0.004,-0.809
-0.004,-0.785
-0.004,-0.786
-0.831,-1.132
-0.831,-1.022
-0.831,-1.071
-1.704,-1.364
-2.644,-1.634
-2.644,-1.599
-2.644,-1.479
-2.642,-1.401
-2.641,-1.370
-2.641,-1.443
-2.641,-1.469
-2.640,-1.347
-2.640,-1.392
-2.640,-1.398
-2.629,-1.188
-2.629,-1.278
-2.728,-1.659
-3.179,-1.797
-3.327,-1.842
-3.326,-1.622
-3.303,-1.269
-3.309,-1.601
-3.308,-1.386
-3.308,-1.554
-3.308,-1.532
-3.308,-1.473
-3.299,-1.238
-3.299,-1.306
-3.299,-1.310
-3.299,-1.395
-3.242,-1.012
-3.228,-0.979
-3.203,-0.925
-3.203,-0.942
-3.041,-0.691
-2.797,-0.493
-2.797,-0.588
-2.352,-0.278
-2.352,-0.286
-2.380,-0.549
-2.382,-0.554
-2.382,-0.404
-2.382,-0.390
-2.382,-0.437
-2.382,-0.457
-2.342,-0.274
-2.369,-0.539
-2.365,-0.329
-2.409,-0.676
-2.479,-0.806
-2.479,-0.748
-2.479,-0.633
-2.479,-0.667
-2.465,-0.527
-2.465,-0.652
-2.449,-0.457
-2.449,-0.520
-2.248,-0.240
-2.248,-0.269
-2.248,-0.267
-2.135,-0.206
-2.135,-0.234
-1.691,-0.092
1.276,0.359
1.508,0.397
2.070,0.495
3.479,0.777
4.592,1.034
4.584,0.759
4.519,0.503
4.519,0.693
4.519,0.596
4.564,0.938
4.564,0.845
4.564,0.920
4.556,0.678
4.556,0.704
4.573,0.967
4.573,0.793
4.578,0.984
4.578,0.787
4.578,0.935
4.584,1.004
4.584,0.960
4.584,0.940
4.584,0.899
4.662,1.051
5.329,1.222
5.362,1.230
5.781,1.345
6.185,1.458
6.185,1.278
6.180,1.173
6.177,1.120
6.177,1.202
6.178,1.341
6.178,1.273
6.152,0.931
6.100,0.759
6.069,0.691
6.071,0.902
6.089,1.055
6.101,1.131
6.101,1.089
6.105,1.149
6.100,0.900
6.121,1.232
6.167,1.398
6.132,0.877
6.132,0.880
6.132,0.954
6.137,1.124
6.137,1.035
6.156,1.321
6.184,1.456
6.495,1.549
6.490,1.260
6.456,0.960
6.456,0.967
6.467,1.308
6.467,1.155
6.462,1.033
6.462,1.209
6.417,0.838
6.417,0.935
6.417,1.036
6.428,1.155
6.428,1.084
6.404,0.804
6.404,0.886
6.386,0.760
6.199,0.524
6.146,0.482
6.146,0.564
5.621,0.213
4.896,0.027
4.896,0.224
4.896,0.159
4.896,0.110
5.047,0.339
5.047,0.235
5.047,0.180
4.509,-0.041
4.509,-0.032
2.072,-0.418
